latitude,type,name,longitude
36.6921,Load Node,KERMAN_6_N001,-120.06
36.84,Generation Node,PINEFLT_2_B1,-119.32
36.83,Generation Node,PINEFLT_7_B1,-119.31
36.83,Generation Node,PINEFLT_7_B3,-119.31
36.83,Generation Node,PINEFLT_7_B4,-119.31
36.95,Generation Node,HAAS_7_B1,-119
36.95,Generation Node,HAAS_7_B11,-119
36.92,Generation Node,BALCH_2_B1,-119.13
36.94,Generation Node,HAAS_2_B1,-119.01
36.92,Generation Node,BALCH3TP_2_B1,-119.12
36.5451,Load Node,GIFFEN_6_N001,-120.33
36.93,Generation Node,BLCH38751_7_B1,-119.12
36.92,Generation Node,BLCH38750_7_B1,-119.13
36.621,Load Node,SANJOQN_6_N001,-120.18
36.621,Load Node,SANJOQN_6_N006,-120.18
36.5309,Load Node,STROUD_6_N001,-120.1
36.4463,Load Node,CAMDEN_6_N001,-119.8
36.4463,Load Node,CAMDEN_6_N002,-119.8
36.7184,Load Node,WSTFRSO_1_N001,-119.82
36.7184,Load Node,WSTFRSO_1_N004,-119.82
36.4723,Load Node,STONCRRL_6_N001,-119.19
36.4723,Load Node,STONCRRL_6_N003,-119.19
36.6114,Load Node,MCCALL_1_N026,-119.64
36.6114,Load Node,MCCALL_1_N030,-119.64
36.6114,Generation Node,MCCALL_1_N093,-119.64
36.645,Load Node,DUNLAP_6_N001,-119.16
36.52,Load Node,DINUBA_6_N001,-119.39
36.52,Load Node,DINUBA_6_N005,-119.39
35.992,Load Node,ANGIOLA_6_N001,-119.57
36.5448,Load Node,OROSI_6_N001,-119.25
36.5448,Load Node,OROSI_6_N006,-119.25
36.645,Load Node,SANDCRK_6_N001,-119.16
36.6162,Load Node,WAHTOKE_1_N001,-119.45
36.6162,Load Node,WAHTOKE_1_N002,-119.45
36.7706,Load Node,TVYVLLY_6_N001,-119.39
36.59,Load Node,GRDNWEST_1_N001,-119.57
36.48,Load Node,GRDNEAST_1_N101,-119.61
36.48,Load Node,GRDNEAST_1_N102,-119.61
36.52,Generation Node,DINUBAE_7_B2,-119.39
36.52,Load Node,DINUBAE_7_N001,-119.39
36.65,Load Node,AIRPROD_1_N001,-119.54
36.66,Generation Node,ULTPWRJ_1_N001,-119.63
36.6051,Load Node,REEDLEY_6_N001,-119.38
36.7008,Load Node,RANCHRS_1_N001,-119.75
36.6051,Load Node,REEDLEY_1_N001,-119.38
36.7008,Load Node,SCWAX_1_N001,-119.75
36.0851,Load Node,BOSWELL_6_N001,-119.55
36.69,Generation Node,MALAGA_1_B1,-119.58
36.6941,Load Node,MALAGA_1_N001,-119.72
36.6941,Load Node,MALAGA_1_N004,-119.72
36.6941,Load Node,MALAGA_1_N005,-119.72
36.6941,Load Node,MALAGA_1_N206,-119.72
36.1096,Load Node,CORCORAN_1_N001,-119.56
36.1096,Load Node,CORCORAN_1_N005,-119.56
36.4043,Load Node,HARDWICK_6_N001,-119.69
36.7189,Load Node,CALAVE_1_N001,-119.77
36.7189,Load Node,CALAVE_1_N002,-119.77
36.7189,Load Node,CALAVE_1_N004,-119.77
36.7189,Load Node,DANISHCM_1_N001,-119.77
36.5,Load Node,KINGSBRG_1_N001,-119.59
36.5,Load Node,KINGSBRG_1_N008,-119.59
36.7071,Generation Node,SANGERCO_7_B1,-119.61
36.71,Load Node,RAINBOW_1_N001,-119.54
36.7071,Load Node,SANGER_1_N001,-119.61
36.87,Generation Node,KINGSRIV_7_B1,-119.13
36.826,Load Node,CLOVIS_1_N001,-119.68
36.826,Load Node,CLOVIS_1_N101,-119.68
36.826,Load Node,CLOVIS_1_N004,-119.68
36.8,Load Node,LASPALMS_1_N001,-119.69
37.07,Generation Node,KERCKHOF_7_B1,-119.58
37.3238,Load Node,OAKHURST_1_N001,-119.63
37.3238,Load Node,OAKHURST_1_N002,-119.63
37.2275,Load Node,CORSGOLD_1_N001,-119.69
37.2275,Load Node,CORSGOLD_1_N003,-119.69
36.764,Load Node,BARTON_1_N001,-119.74
36.764,Load Node,BARTON_1_N007,-119.74
36.764,Load Node,BARTON_1_N008,-119.74
36.788,Load Node,MANCHSTR_1_N001,-119.79
36.788,Load Node,MANCHSTR_1_N002,-119.79
36.788,Load Node,MANCHSTR_1_N005,-119.79
36.8966,Load Node,WOODWARD_1_N001,-119.75
36.8966,Load Node,WOODWARD_1_N005,-119.75
36.8966,Load Node,WOODWARD_1_N006,-119.75
37.0973,Load Node,SHARON_1_N001,-120.16
36.29,Load Node,CONTADNA_1_N001,-119.71
37.12,Generation Node,CHWCHLLA_1_B1,-120.23
37.1208,Load Node,CHWCHLLA_1_N001,-120.25
37.1208,Load Node,CHWCHLLA_1_N002,-120.25
37.06,Load Node,CERTTEED_1_N001,-120.08
37.06,Load Node,CERTTEED_1_N002,-120.08
37.1208,Generation Node,CHOWCOGN_7_N001,-120.25
36.87,Load Node,CHLDHOSP_1_N001,-119.81
37.6655,Load Node,INDNFLT_6_N001,-119.84
37.5045,Load Node,MARIPOS2_6_N001,-120.01
37.5045,Load Node,MARIPOS2_6_N003,-120.01
37.1844,Load Node,LEGRAND_1_N001,-120.27
37.5865,Load Node,BERVLLY_6_N001,-120.13
37.6,Generation Node,EXCHQRTP_7_B1,-120.28
37.59,Generation Node,EXCHQUER_7_B1,-120.29
37.0552,Load Node,DAIRYLND_1_N001,-120.32
36.8244,Load Node,BULLARD_1_N001,-119.77
36.8244,Load Node,BULLARD_1_N004,-119.77
36.8244,Load Node,BULLARD_1_N005,-119.77
36.8244,Load Node,BULLARD_1_N006,-119.77
36.8244,Generation Node,BULLARD_1_N009,-119.77
37.0681,Load Node,AUBERRY_6_N001,-119.5
37.0681,Load Node,AUBERRY_6_N003,-119.5
36.83,Load Node,PNEDLE_1_N002,-119.83
36.83,Load Node,PNEDLE_1_N001,-119.83
37.2728,Load Node,MERCEDFL_7_N001,-120.49
37.2728,Generation Node,MERCEDFL_7_N002,-120.49
36.7925,Load Node,BIOLA_6_N001,-120.11
36.9026,Load Node,RIVERROC_6_N001,-119.77
36.8672,Load Node,NEWHALL_1_N001,-120.33
36.8672,Load Node,NEWHALL_1_N002,-120.33
33.8091,Load Node,BARRE_6_N001,-117.98
33.8091,Load Node,BARRE_6_N002,-117.98
33.8091,Load Node,BARRE_6_N003,-117.98
33.8091,Generation Node,BARRE_2_N043,-117.98
36.9679,Load Node,BONITA_6_N001,-120.2
36.7926,Load Node,ASHLAN_2_N008,-119.83
33.1365,Load Node,ASHLAN_2_N001,-117.07
33.1365,Load Node,ASHLAN_2_N007,-117.07
36.822,Load Node,FIGARDN_2_N001,-119.86
36.822,Load Node,FIGARDN_2_N101,-119.86
36.5912,Generation Node,HELMS1_7_B1,-120.18
36.5912,Generation Node,HELMS2_7_B1,-120.18
36.5912,Generation Node,HELMS3_7_B1,-120.18
36.86,Generation Node,GREGG_2_B1,-119.93
36.9223,Load Node,BORDEN_2_N007,-119.98
36.9223,Generation Node,BORDEN_2_N008,-119.98
36.9223,Generation Node,BORDEN_2_N009,-119.98
36.6921,Load Node,KERMAN_6_N002,-120.06
37.7165,Load Node,ELLIS_6_N001,-121.55
37.7165,Generation Node,ELLIS_6_N003,-121.55
37.7165,Load Node,ELLIS_6_N105,-121.55
36.9828,Load Node,STOREY2_2_N001,-120.03
33.68,Generation Node,ELLIS_2_B1,-117.94
33.6461,Generation Node,HUNT1G_7_B1,-117.98
33.64,Load Node,HUNT1G_7_N002,-117.96
33.6461,Generation Node,HUNT3G_7_B1,-117.98
33.64,Load Node,HUNT3G_7_N002,-117.97
33.6461,Generation Node,HUNT4G_7_B1,-117.98
33.66,Load Node,HUNT4G_7_N002,-117.97
33.6461,Generation Node,HUNT2G_7_B1,-117.98
33.66,Load Node,HUNT2G_7_N002,-117.97
36.6057,Load Node,BOWLES_6_N001,-119.77
36.5316,Load Node,CARUTHRS_6_N001,-119.88
33.7136,Load Node,JOHANNA_2_N001,-117.85
33.7136,Load Node,JOHANNA_2_N007,-117.85
33.7136,Generation Node,JOHANNA_2_N013,-117.85
36.7044,Load Node,KEARNEY_6_N001,-119.88
36.7044,Load Node,KEARNEY_6_N099,-119.88
36.9828,Load Node,STOREY1_2_N001,-120.03
36.9828,Generation Node,STOREY1_2_N003,-120.03
33.7716,Generation Node,ALAMT5G_7_B1,-118.1
33.7716,Generation Node,ALAMT1G_7_B1,-118.1
33.7716,Load Node,ALAMT5G_7_N002,-118.1
33.7716,Generation Node,ALAMT6G_7_B1,-118.1
33.7716,Load Node,ALAMT6G_7_N002,-118.1
33.7716,Load Node,ALAMT1G_7_N002,-118.1
33.7716,Generation Node,ALAMT2G_7_B1,-118.1
33.7716,Load Node,ALAMT2G_7_N002,-118.1
33.7716,Load Node,ALAMITOS_2_N001,-118.1
33.77,Load Node,ALAMITOS_2_N040,-118.1
33.7716,Generation Node,ALAMT4G_7_B1,-118.1
33.7716,Load Node,ALAMT4G_7_N002,-118.1
33.7716,Generation Node,ALAMT3G_7_B1,-118.1
33.7716,Load Node,ALAMT3G_7_N002,-118.1
36.7208,Load Node,MENDOTA_1_N008,-120.46
37.3633,Load Node,GALLO_1_N001,-120.76
33.6651,Generation Node,SANTIAGO_6_N004,-117.77
37.3633,Load Node,LIVNGSTN_1_N001,-120.76
36.2985,Load Node,RECTOR_6_N001,-119.24
36.2985,Generation Node,RECTOR_6_N004,-119.24
36.2985,Generation Node,RECTOR_6_N007,-119.24
36.2985,Generation Node,RECTOR_6_N008,-119.24
36.2985,Generation Node,RECTOR_6_N009,-119.24
37.4285,Load Node,CRESSEY_1_N001,-120.64
37.4285,Generation Node,CRESSEY_1_N003,-120.64
37.37,Load Node,JRWOOD_1_N001,-120.64
37.37,Generation Node,JRWDGEN_1_N001,-120.63
37.36,Load Node,ATWATER_1_B2,-120.61
37.36,Load Node,ATWATER_1_N001,-120.61
37.2728,Load Node,MERCED_1_N002,-120.49
37.2728,Load Node,MERCED_1_N001,-120.49
37.3358,Load Node,ELCAPTN_1_N004,-120.51
37.3655,Load Node,ELCAPTN_1_N005,-120.58
37.3358,Load Node,ELCAPTN_1_N001,-120.51
33.8962,Load Node,ELNIDO_1_N001,-118.37
37.1206,Load Node,ELNIDO_1_N004,-120.47
33.8483,Load Node,DELAMO_2_N001,-118.1
33.8483,Load Node,DELAMO_2_N014,-118.1
33.8483,Load Node,DELAMO_2_N022,-118.1
37.2908,Load Node,WILSONAB_1_N001,-120.41
35.857,Load Node,VESTAL_6_N001,-119.09
35.857,Generation Node,VESTAL_6_N002,-119.09
35.857,Generation Node,VESTAL_6_N004,-119.09
35.857,Generation Node,VESTAL_6_N006,-119.09
33.8189,Load Node,HINSON_6_N001,-118.22
33.8189,Generation Node,LBEACH1G_7_N001,-118.22
33.8189,Generation Node,LBEACH2G_7_N001,-118.22
33.82,Load Node,LBEACH2G_7_N002,-118.21
33.8189,Generation Node,LBEACH3G_7_N001,-118.22
33.8189,Generation Node,LBEACH4G_7_N001,-118.22
33.8189,Generation Node,SERRFGEN_7_B1,-118.22
33.8189,Generation Node,CARBOGEN_7_B1,-118.22
33.84,Generation Node,HINSON_2_B1,-118.23
33.77,Generation Node,HARBORG_7_B2,-118.25
33.77,Generation Node,HARBORG_7_B3,-118.25
33.77,Generation Node,HARBORG_7_B4,-118.25
33.77,Load Node,HARBORG_7_N101,-118.25
33.8805,Generation Node,ICEGEN_7_B1,-118.18
33.8805,Load Node,LITEHIPE_6_N001,-118.18
33.8805,Generation Node,LITEHIPE_6_N006,-118.18
33.8805,Load Node,LITEHIPE_6_N008,-118.18
36.5928,Load Node,MCMULLN1_2_N001,-119.99
33.8175,Generation Node,ARCO1G_7_B1,-118.24
34.0008,Load Node,LCIENEGA_6_N001,-118.38
33.9288,Load Node,CENTERS_6_N001,-118.11
33.9288,Generation Node,CENTERS_6_N004,-118.11
33.9288,Load Node,CENTERS_6_N200,-118.11
33.9288,Generation Node,CTRPKGEN_7_B1,-118.11
33.8697,Load Node,LAFRESA_6_N001,-118.33
33.8697,Generation Node,LAFRESA_6_N003,-118.33
33.8697,Load Node,LAFRESA_6_N007,-118.33
37.1206,Load Node,ELNIDO_2_N001,-120.47
33.8962,Load Node,ELNIDO_2_N012,-118.37
33.9085,Generation Node,ELSEG3G_7_B1,-118.42
33.9085,Generation Node,ELSEG4G_7_B1,-118.42
33.9,Generation Node,ELSEGNDO_2_B1,-118.42
33.8526,Generation Node,REDON5G_7_B1,-118.39
33.8526,Generation Node,REDON6G_7_B1,-118.39
33.8526,Generation Node,REDON7G_7_B1,-118.39
33.8526,Generation Node,REDON8G_7_B1,-118.39
33.9759,Load Node,LAGUBELL_6_N001,-118.15
33.9759,Generation Node,LAGUBELL_6_N005,-118.15
33.9759,Load Node,LAGUBELL_6_N210,-118.15
37.937,Load Node,MCDISLE_6_N001,-121.53
33.98,Generation Node,LAGUBELL_2_B1,-118.15
34,Generation Node,VELASCO_2_N100,-118.09
37.1441,Generation Node,EASTWOOD_7_B1,-119.27
37.2021,Load Node,BIGCRK1_7_N001,-119.24
37.2021,Generation Node,BCRK1-2_1_N003,-119.24
37.2021,Generation Node,BCRK1-2_1_N004,-119.24
37.2,Generation Node,BIGCRK1_2_B1,-119.24
37.21,Generation Node,BIGCRK2_2_B1,-119.32
37.18,Generation Node,BIGCRK8_2_B1,-119.25
37.14,Generation Node,BIGCRK3_2_B1,-119.39
37.23,Generation Node,MAMOTH1G_7_B1,-119.35
37.23,Generation Node,MAMOTH2G_7_B1,-119.33
37.13,Generation Node,BCRK4_7_B1,-119.5
37.13,Generation Node,BCRK4_7_B3,-119.5
37.14,Generation Node,BIGCRK4_2_B1,-119.49
34.0375,Load Node,MESACAL_6_N001,-118.11
34.0355,Generation Node,MESACAL_6_N004,-118.11
39.0055,Load Node,WILKINS_6_N001,-121.87
37.949,Generation Node,MELONES_2_N014,-120.52
37.937,Load Node,MDLRIVR_6_N001,-121.53
33.1288,Load Node,SANMRCOS_6_N001,-117.2
33.1288,Load Node,SANMRCOS_6_N007,-117.2
33.1288,Load Node,SANMRCOS_6_N011,-117.2
33.1288,Generation Node,SANMRCOS_6_N012,-117.2
33.3743,Load Node,JAPMESA_6_N001,-117.55
33.3743,Load Node,JAPMESA_6_N007,-117.55
33.4634,Load Node,CRSTNTS_6_N001,-117.57
34.1061,Load Node,RIOHONDO_6_N001,-117.98
34.1061,Generation Node,RIOHONDO_6_N004,-117.98
34.1061,Generation Node,RIOHONDO_6_N007,-117.98
38.7867,Load Node,GUALALA_6_N001,-123.52
36.4778,Load Node,OTTER_6_N001,-121.73
36.31,Load Node,LEMOORE_6_N002,-119.8
36.31,Load Node,LEMOORE_6_N101,-119.8
37.74,Generation Node,WARNERVL_2_B1,-120.8
37.74,Generation Node,WARNERVL_2_B2,-120.8
41.0565,Load Node,HOOPA_6_N001,-123.68
33.4949,Load Node,LAGNANL_1_N001,-117.7
33.4949,Load Node,LAGNANL_1_N002,-117.7
33.4949,Load Node,LAGNANL_1_N005,-117.7
33.4949,Load Node,LAGNANL_1_N006,-117.7
37.7726,Load Node,COTTLE_7_N001,-120.83
37.7726,Generation Node,COTTLE_7_N002,-120.83
33.5129,Load Node,CAPSTRNO_1_N001,-117.67
33.5129,Load Node,CAPSTRNO_1_N006,-117.67
33.5129,Generation Node,CAPSTRNO_1_N016,-117.67
37.7726,Load Node,COTTLEA_2_N001,-120.83
33.563,Load Node,TRABUCO_1_N001,-117.67
33.563,Load Node,TRABUCO_1_N005,-117.67
33.563,Load Node,TRABUCO_1_N009,-117.67
33.563,Load Node,TRABUCO_1_N013,-117.67
38.0169,Load Node,LINDEN_6_N101,-121.1
33.55,Load Node,MARGARTA_1_N009,-117.63
33.55,Load Node,MARGARTA_1_N001,-117.63
33.55,Load Node,MARGARTA_1_N002,-117.63
33.55,Load Node,MARGARTA_1_N008,-117.63
36.2225,Load Node,JCBSCRNR_6_N001,-119.78
36.2225,Load Node,JCBSCRNR_6_N003,-119.78
37.8164,Load Node,HERDLYN_6_N001,-121.59
38.5927,Load Node,CALISTGA_6_N001,-122.58
36.8507,Load Node,FIREBAGH_6_N001,-120.47
33.9461,Load Node,OLINDA_6_N001,-117.92
33.9461,Generation Node,OLINDA_6_N002,-117.92
33.9461,Generation Node,OLINDA_6_N004,-117.92
33.9461,Generation Node,OLINDA_6_N007,-117.92
33.2065,Load Node,MELROSE_6_N001,-117.25
33.2065,Load Node,MELROSE_6_N004,-117.25
33.2065,Load Node,MELROSE_6_N005,-117.25
33.2065,Load Node,MELROSE_6_N009,-117.25
37.5833,Load Node,SANMATEO_1_N001,-122.32
37.5833,Load Node,SANMATEO_1_N009,-122.32
33.3783,Load Node,HORNO_6_N001,-117.46
37.4629,Load Node,LASPULGS_6_N001,-122.23
34.0085,Load Node,WALNUT_6_N001,-117.95
34.0085,Generation Node,WALNUT_6_N007,-117.95
34.0085,Generation Node,WALNUT_6_N008,-117.95
33.4568,Load Node,PICO_1_N001,-117.59
33.4568,Load Node,PICO_1_N004,-117.59
36.2645,Load Node,MUSLSLGH_6_N001,-119.91
36.4778,Load Node,LAURELES_6_N001,-121.73
34.0085,Generation Node,HILLGEN_7_B1,-117.95
37.937,Load Node,BIXLER_6_N001,-121.53
36.7044,Load Node,KEARNEY_7_N001,-119.88
36.2416,Generation Node,GWFGT1_7_B1,-119.9
36.2416,Generation Node,GWFGT2_7_B1,-119.9
36.2416,Load Node,HENRITTA_6_N101,-119.9
37.9749,Load Node,CURTIS1_7_N001,-120.32
33.3697,Generation Node,SONOFR2_7_B1,-117.55
33.3693,Generation Node,SONOFR3_7_B1,-117.55
33.3697,Load Node,SONOFRE_2_N001,-117.55
33.3697,Load Node,SONOFRE_2_N067,-117.55
37.9749,Generation Node,CURTISS_1_N010,-120.32
37.9749,Load Node,CURTISS_1_N101,-120.32
37.97,Generation Node,FBERBORD_1_N001,-120.3
33.0506,Load Node,ENCNITAS_6_N001,-117.29
33.0506,Load Node,ENCNITAS_6_N004,-117.29
33.0506,Load Node,ENCNITAS_6_N011,-117.29
38.6803,Load Node,ANNAPOLS_6_N001,-123.31
33.3847,Load Node,AVOCADO_6_N001,-117.24
33.3847,Load Node,AVOCADO_6_N002,-117.24
36.7044,Generation Node,KEARNEY_7_B3,-119.88
32.8329,Load Node,KEARNEY_7_N003,-117.13
38.0527,Load Node,MI-WUK_1_N001,-120.22
39.4028,Load Node,RICE_6_N002,-122.01
39.4028,Load Node,RICE_6_N101,-122.01
36.1058,Generation Node,SPRINGVL_6_N004,-118.94
36.1058,Generation Node,SPRINGVL_6_N002,-118.94
36.1058,Generation Node,SPRINGVL_6_N006,-118.94
36.1058,Load Node,SPRINGVL_6_N001,-118.94
32.9049,Load Node,MESARIM_6_N001,-117.17
32.9049,Load Node,MESARIM_6_N007,-117.17
32.9049,Load Node,MESARIM_6_N008,-117.17
32.9049,Load Node,MESARIM_6_N012,-117.17
34.2215,Load Node,GOULD_2_N001,-118.19
34.2215,Load Node,GOULD_2_N007,-118.19
38.0565,Load Node,FROGTOWN_7_N001,-120.53
38.0565,Generation Node,FROGTOWN_7_N003,-120.53
39.2136,Load Node,COLUSA_6_N001,-122
39.2136,Load Node,COLUSA_6_N004,-122
37.9797,Load Node,RTRACK_1_N001,-120.41
33.3291,Load Node,MONSRATE_6_N001,-117.24
33.3291,Load Node,MONSRATE_6_N007,-117.24
39.0176,Load Node,ARBUCKLE_6_N001,-122.06
37.3633,Load Node,LIVNGSTN_6_N001,-120.76
32.8836,Load Node,UCM_6_N001,-117.22
32.8836,Load Node,UCM_6_N002,-117.22
32.8836,Load Node,UCM_6_N006,-117.22
32.8401,Load Node,LAJOLLA_6_N001,-117.28
32.8401,Load Node,LAJOLLA_6_N007,-117.28
32.8797,Load Node,GENESEE_6_N001,-117.21
32.8797,Load Node,GENESEE_6_N005,-117.21
32.8797,Load Node,GENESEE_6_N011,-117.21
32.8797,Load Node,GENESEE_6_N015,-117.21
33.3093,Load Node,PENDLETN_6_N001,-117.34
33.3093,Load Node,PENDLETN_6_N004,-117.34
33.2567,Load Node,STUART_6_N001,-117.42
37.72,Load Node,OWNBRKWY_1_N001,-122.22
32.8987,Load Node,TOREYPNS_6_N001,-117.24
32.8987,Load Node,TOREYPNS_6_N007,-117.24
32.8987,Load Node,TOREYPNS_6_N008,-117.24
32.8987,Load Node,TOREYPNS_6_N009,-117.24
38.7988,Load Node,DELMAR_6_N001,-121.22
32.9808,Load Node,DELMAR_6_N010,-117.26
32.9808,Load Node,DELMAR_6_N011,-117.26
36.5089,Load Node,GONZALES_6_N001,-121.45
36.5089,Load Node,GONZALES_6_N003,-121.45
33.1968,Load Node,OCEANSDE_6_N001,-117.38
33.1968,Load Node,OCEANSDE_6_N002,-117.38
37.83,Generation Node,HOLM1_7_B1,-119.99
37.86,Generation Node,HOLM2_7_B1,-120
37.77,Load Node,JENNY_1_N001,-122.26
37.77,Load Node,JENNY_1_N008,-122.26
37.7633,Load Node,STATINJ_1_N001,-122.21
37.7633,Load Node,STATINJ_1_N012,-122.21
37.77,Load Node,STATINJ_1_N027,-122.22
38.19,Generation Node,SNDBRJT_1_B1,-120.12
32.8445,Load Node,ROSECYN_6_N001,-117.24
32.8445,Load Node,ROSECYN_6_N017,-117.24
32.9015,Load Node,DUNHILL_6_N001,-117.23
38.09,Generation Node,CHSTN_115_B1,-120.3
38.09,Load Node,CHSTN_1_N001,-120.3
32.7954,Generation Node,ELCAJNGT_7_B3,-116.97
32.7954,Load Node,ELCAJNGT_7_N001,-116.97
32.894,Load Node,MIRAMAR_6_N001,-117.14
32.894,Load Node,MIRAMAR_6_N004,-117.14
32.894,Load Node,MIRAMAR_6_N017,-117.14
37.926,Load Node,BALFOUR_6_N001,-121.68
32.895,Load Node,FENTON_6_N001,-117.16
32.7954,Load Node,ELCAJNGT_7_N004,-116.97
37.7689,Load Node,RIVRBANK_1_N001,-120.91
37.7388,Load Node,EDES_1_N001,-122.19
37.7388,Load Node,EDES_1_N003,-122.19
32.894,Generation Node,MIRAMREF_7_B1,-117.14
32.885,Generation Node,EASTGATE_6_N004,-117.2
32.885,Load Node,EASTGATE_6_N101,-117.2
32.885,Load Node,EASTGATE_6_N201,-117.2
33.2522,Load Node,MOROHILL_6_N001,-117.3
38.24,Generation Node,DONNELLS_7_B1,-120.03
38.4806,Load Node,OLETA_6_N001,-120.84
38.4806,Load Node,OLETA_6_N003,-120.84
38.15,Generation Node,STANISLS_7_B1,-120.36
38.14,Generation Node,STANISLS_1_B1,-120.37
38.14,Load Node,STANISLS_1_N001,-120.37
32.8198,Load Node,KYOCERA_6_N001,-117.14
37.6224,Load Node,SNTHLNE_6_N001,-122.45
37.6224,Load Node,SNTHLNE_6_N002,-122.45
33.3559,Load Node,PALA_6_N001,-117.11
32.8296,Load Node,MESAHGTS_6_N001,-117.16
32.8296,Load Node,MESAHGTS_6_N007,-117.16
32.8296,Generation Node,MESAHGTS_6_N011,-117.16
32.8259,Load Node,CLAIRMNT_6_N001,-117.18
32.8259,Load Node,CLAIRMNT_6_N008,-117.18
37.7689,Load Node,RVRBANK_1_N001,-120.91
37.7689,Load Node,RVRBANK_1_N005,-120.91
33.0143,Load Node,RSNTAFE_6_N001,-117.2
33.0143,Load Node,RSNTAFE_6_N008,-117.2
33.0143,Load Node,RSNTAFE_6_N009,-117.2
38.5396,Load Node,FORTRSS_6_N001,-123.22
37.9687,Load Node,MORMON_6_N001,-121.19
38.6189,Load Node,PLAINFLD_6_N001,-121.79
37.4997,Load Node,SANCRLS_6_N001,-122.24
37.4997,Load Node,SANCRLS_6_N002,-122.24
37.4997,Load Node,SANCRLS_6_N004,-122.24
37.8634,Load Node,SAUSALTO_6_N001,-122.5
37.8634,Load Node,SAUSALTO_6_N002,-122.5
36.4683,Load Node,CAMPHORA_6_N001,-121.39
36.4683,Load Node,CAMPHORA_6_N003,-121.39
37.7,Load Node,DMTARSL_1_N001,-122.15
32.7074,Load Node,CABRILLO_6_N001,-117.25
32.7074,Load Node,CABRILLO_6_N004,-117.25
32.7074,Generation Node,CABRILLO_6_N011,-117.25
32.7992,Load Node,PACFCBCH_6_N001,-117.24
32.7992,Load Node,PACFCBCH_6_N004,-117.24
40.1026,Load Node,GRBRVLLE_6_N001,-123.79
32.7908,Load Node,MURRAY_6_N001,-117.02
32.7908,Load Node,MURRAY_6_N004,-117.02
32.7908,Load Node,MURRAY_6_N005,-117.02
32.7908,Load Node,MURRAY_6_N015,-117.02
40.8198,Load Node,RUSSRCH_6_N001,-123.83
37.4903,Load Node,REDWOOD_6_N002,-122.21
37.4903,Load Node,REDWOOD_6_N005,-122.21
37.4903,Load Node,REDWOOD_6_N006,-122.21
37.4903,Load Node,REDWOOD_6_N007,-122.21
37.4903,Load Node,REDWOOD_6_N001,-122.21
32.7951,Load Node,GARFIELD_6_N001,-117
39.06,Load Node,DAVIS_1_N001,-121.71
39.06,Load Node,DAVIS_1_N007,-121.71
39.06,Generation Node,DAVIS_1_N018,-121.71
39.06,Load Node,DAVIS_1_N012,-121.71
37.5946,Load Node,PACIFICA_6_N001,-122.49
37.5946,Load Node,PACIFICA_6_N003,-122.49
37.0551,Load Node,SNTARTA_6_N001,-120.63
33.0181,Load Node,CREELMAN_6_N004,-116.85
33.0181,Load Node,CREELMAN_6_N001,-116.85
33.0181,Load Node,CREELMAN_6_N014,-116.85
32.9111,Load Node,SCRIPPS_6_N001,-117.11
32.9111,Load Node,SCRIPPS_6_N008,-117.11
32.9111,Load Node,SCRIPPS_6_N013,-117.11
39.0693,Load Node,BARRY_6_N001,-121.69
36.7796,Load Node,SANLUSRY_6_N013,-120.73
36.7796,Load Node,SANLUSRY_6_N014,-120.73
36.7796,Load Node,SANLUSRY_6_N101,-120.73
36.8615,Load Node,SANLUSRY_6_N201,-120.78
37.43,Generation Node,STANDFD2_1_N011,-122.17
33.2472,Load Node,WARNERS_6_N001,-116.68
38.8293,Load Node,EAGLROCK_2_N001,-122.81
38.8293,Load Node,EAGLROCK_2_N012,-122.81
33.2859,Load Node,RINCON_6_N001,-116.96
38.4901,Load Node,RINCON_6_N008,-122.67
37.6917,Load Node,DALYCTY_1_N001,-122.46
37.6917,Load Node,DALYCTY_1_N005,-122.46
36.7489,Load Node,LAGUNITS_6_N001,-121.61
32.7954,Generation Node,CPELCAJN_7_B1,-116.97
33.1011,Load Node,BATIQTOS_1_N001,-117.25
33.1011,Load Node,BATIQTOS_1_N008,-117.25
33.1011,Load Node,BATIQTOS_1_N015,-117.25
38.3436,Load Node,SLMNCRK_6_N001,-123.04
37.6539,Load Node,ESTGRND_1_N001,-122.4
37.6539,Load Node,ESTGRND_1_N005,-122.4
37.6539,Load Node,ESTGRND_1_N009,-122.4
37.8558,Load Node,VALLYHM_1_N001,-120.94
37.8558,Generation Node,VALLYHM_1_N004,-120.94
33.1228,Load Node,PALOMAR_1_N001,-117.29
33.1228,Load Node,PALOMAR_1_N004,-117.29
33.1228,Load Node,PALOMAR_1_N013,-117.29
38.79,Load Node,BRKRSLG_1_N005,-121.55
33.1105,Load Node,SANTYSBL_6_N001,-116.67
37.8422,Load Node,AVENA_1_N001,-121.05
37.4772,Load Node,BLLEHVN_6_N001,-122.17
37.4772,Load Node,BLLEHVN_6_N002,-122.17
37.4772,Load Node,BLLEHVN_6_N004,-122.17
37.4772,Load Node,BLLEHVN_6_N006,-122.17
37.4772,Load Node,BLLEHVN_6_N007,-122.17
37.4772,Generation Node,BLLEHVN_6_N009,-122.17
38.9248,Load Node,DUNNIGAN_6_N001,-121.99
37.6917,Load Node,SERRMNTE_1_N011,-122.46
32.8652,Load Node,DESCANSO_6_N001,-116.63
36.7315,Load Node,GABILAN_6_N001,-121.61
33.1415,Load Node,SHADOWR_1_N001,-117.24
33.1415,Load Node,SHADOWR_1_N006,-117.24
33.1415,Load Node,SHADOWR_1_N008,-117.24
33.1374,Load Node,CANNON_1_N001,-117.33
33.1374,Load Node,CANNON_1_N004,-117.33
33.137,Generation Node,ENCINA1_7_B1,-117.34
33.137,Generation Node,ENCINA2_7_B1,-117.34
33.137,Generation Node,ENCINA3_7_B1,-117.34
33.137,Generation Node,ENCINA4_7_B1,-117.34
33.137,Generation Node,ENCINAGT_7_B11,-117.34
33.12,Generation Node,ENCINA_1_B1,-117.32
33.137,Load Node,ENCINA_1_N001,-117.34
33.137,Load Node,ENCINA_1_N049,-117.34
32.7842,Generation Node,MISSON_1_N015,-117.14
37.72,Load Node,RIPON_1_N001,-121.13
37.7111,Load Node,SNLNDRO_1_N027,-122.15
37.7111,Load Node,SNLNDRO_1_N001,-122.15
37.7111,Load Node,SNLNDRO_1_N014,-122.15
37.7111,Load Node,SNLNDRO_1_N017,-122.15
37.2532,Load Node,GUSTINE_6_N001,-121.01
37.2532,Load Node,GUSTINE_6_N002,-121.01
39.5829,Load Node,JACINTO_6_N001,-122.01
33.2533,Load Node,LILAC_6_N001,-117.09
33.2533,Load Node,LILAC_6_N010,-117.09
33.0896,Load Node,NCMETER_1_N001,-117.2
33.0216,Load Node,BERNARDO_6_N001,-117.1
33.0216,Load Node,BERNARDO_6_N002,-117.1
33.0216,Load Node,BERNARDO_6_N009,-117.1
33.0216,Load Node,BERNARDO_6_N013,-117.1
33.0216,Load Node,BERNARDO_6_N014,-117.1
33.137,Generation Node,ENCINA5_7_B1,-117.34
37.9471,Load Node,STKTONA_1_N001,-121.29
37.9471,Load Node,STKTONA_1_N003,-121.29
32.8045,Load Node,GRANITE_6_N001,-116.92
32.8045,Load Node,GRANITE_6_N007,-116.92
32.8045,Load Node,GRANITE_6_N008,-116.92
32.8045,Load Node,GRANITE_6_N009,-116.92
33.2307,Load Node,VALCNTR_6_N001,-117.02
37.59,Generation Node,MARTINC_1_B1,-122.38
37.746,Load Node,BAYSHOR1_1_N001,-122.4
37.746,Load Node,BAYSHOR2_1_N001,-122.4
37.46,Load Node,POTRERO_1_N001,-122.4
37.46,Load Node,POTRERO_1_N013,-122.4
37.46,Load Node,POTRERO_1_N016,-122.4
32.5622,Load Node,SANYSDRO_6_N001,-117.03
32.5622,Load Node,SANYSDRO_6_N004,-117.03
37.0664,Load Node,CANAL_6_N001,-120.84
38.71,Generation Node,WOODLD_1_B1,-121.79
38.6782,Load Node,WOODLD_1_N001,-121.76
38.6782,Load Node,WOODLD_1_N005,-121.76
38.6782,Load Node,WOODLD_1_N012,-121.76
33.13,Generation Node,ENCINA_2_B1,-117.35
38.9568,Generation Node,HALSEYF_7_B1,-121.05
38.9568,Load Node,HALSEYF_7_N001,-121.05
34.4878,Generation Node,GOLETA_6_N002,-119.88
34.4878,Generation Node,GOLETA_6_N003,-119.88
34.4878,Generation Node,GOLETA_6_N004,-119.88
34.4878,Generation Node,GOLETA_6_N022,-119.88
34.4878,Generation Node,GOLETA_6_N100,-119.88
34.4878,Load Node,GOLETA_6_N200,-119.88
39.11,Load Node,POST_1_N001,-121.64
32.7415,Generation Node,POINTLMA_6_N001,-117.23
32.7415,Load Node,POINTLMA_6_N013,-117.23
32.7415,Load Node,POINTLMA_6_N014,-117.23
32.7415,Generation Node,POINTLMA_6_N021,-117.23
39.0261,Load Node,PLUMAS_6_N001,-121.54
38.76,Load Node,MOBILCHE_1_N001,-121.76
37.78,Load Node,EMBRCDR_2_N001,-122.38
37.78,Load Node,EMBRCDR_2_N008,-122.38
37.78,Generation Node,EMBRCDR_2_N010,-122.38
37.78,Load Node,EMBRCDR_2_N101,-122.38
37.78,Load Node,EMBRCDR_2_N104,-122.38
37.61,Load Node,SFIA-MA_1_N001,-122.44
40.7912,Generation Node,CEDRCRK_6_N001,-121.94
40.7912,Load Node,CEDRCRK_6_N101,-121.94
38.5516,Load Node,DEEPWATR_1_N104,-121.56
38.5516,Load Node,DEEPWATR_1_N101,-121.56
36.9923,Load Node,PAULSWT_1_N001,-121.98
36.9923,Load Node,PAULSWT_1_N004,-121.98
36.9923,Generation Node,PAULSWT_1_N013,-121.98
36.9923,Load Node,PAULSWT_1_N101,-121.98
32.7456,Load Node,STREAMVW_6_N001,-117.08
32.7456,Load Node,STREAMVW_6_N007,-117.08
38.5893,Load Node,WSCRMNO_1_N004,-121.55
38.5893,Load Node,WSCRMNO_1_N013,-121.55
38.5893,Load Node,WSCRMNO_1_N201,-121.55
38.9821,Load Node,TUDOR_6_N001,-121.64
38.8444,Load Node,PENRYN_6_N001,-121.17
38.8444,Load Node,PENRYN_6_N004,-121.17
37.91,Generation Node,STNCOGNJ_1_B1,-121.2
38.12,Load Node,MREIS-Q_1_N001,-122.33
32.7549,Load Node,F_6_N001,-117.13
32.7549,Load Node,F_6_N002,-117.13
32.7549,Load Node,F_6_N005,-117.13
37.2264,Load Node,LOSGATS_6_N002,-121.98
37.2264,Load Node,LOSGATS_6_N201,-121.98
40.2138,Load Node,FRTSWRD_6_N001,-123.6
40.2138,Generation Node,FRTSWRD_6_N004,-123.6
37.0416,Load Node,CMPEVRS_1_N001,-122.03
37.0416,Load Node,CMPEVRS_1_N002,-122.03
38.091,Load Node,CARQUINZ_1_N001,-122.25
38.091,Load Node,CARQUINZ_1_N002,-122.25
32.739,Load Node,SPRNGVLY_6_N001,-117
32.739,Load Node,SPRNGVLY_6_N010,-117
39.7863,Load Node,COVELO6_6_N001,-123.25
33.0212,Load Node,ARTESN_6_N001,-117.13
37.6033,Load Node,SNANDRES_6_N001,-122.42
32.7133,Load Node,URBAN_6_N001,-117.15
32.7133,Load Node,URBAN_6_N005,-117.15
36.4295,Load Node,SOLEDAD_6_N001,-121.33
39.2095,Load Node,GRSSVLY_6_N101,-121.06
32.744,Load Node,CHOLLAS_6_N001,-117.05
32.744,Load Node,CHOLLAS_6_N008,-117.05
32.744,Load Node,CHOLLAS_6_N009,-117.05
32.7332,Load Node,KETTNER_6_N001,-117.17
32.7332,Load Node,KETTNER_6_N004,-117.17
32.7143,Load Node,B_6_N005,-117.17
32.7143,Load Node,B_6_N003,-117.17
32.7143,Load Node,B_6_N001,-117.17
32.7143,Load Node,B_6_N007,-117.17
32.5833,Load Node,IMPRLBCH_6_N004,-117.1
32.5833,Load Node,IMPRLBCH_6_N001,-117.1
32.6988,Load Node,CORONADO_6_N001,-117.17
32.6988,Load Node,CORONADO_6_N002,-117.17
38.9145,Load Node,MTNQUAR_6_N001,-121.02
32.7024,Load Node,NOISLMTR_6_N009,-117.18
32.7024,Load Node,NOISLMTR_6_N004,-117.18
32.7024,Generation Node,NOISLMTR_6_N015,-117.18
32.7024,Generation Node,NOISLMTR_6_N101,-117.18
32.8159,Load Node,ELLIOTT_6_N001,-117.09
32.8159,Load Node,ELLIOTT_6_N004,-117.09
38.7754,Load Node,ZAMORA_1_N001,-121.86
36.6244,Load Node,RSVTNRD_6_N001,-121.69
37.66,Generation Node,UALCOGN_1_N001,-122.38
37.67,Generation Node,UALTAP_1_B1,-122.42
37.5233,Load Node,BELMONT_1_N001,-122.26
37.5233,Load Node,BELMONT_1_N006,-122.26
37.5233,Load Node,BELMONT_1_N008,-122.26
36.9748,Load Node,DOSPALS_6_N001,-120.64
37.6052,Load Node,MILLBRAE_6_N001,-122.39
38.9013,Load Node,PLACER_7_N009,-121.09
37.65,Load Node,SFIA_1_N001,-122.41
37.65,Load Node,SFIA_1_N007,-122.41
37.2603,Load Node,ALMADEN_6_N001,-121.89
32.8278,Load Node,ALPINE_6_N001,-116.79
32.8278,Load Node,ALPINE_6_N005,-116.79
41.2945,Load Node,ORICK_6_N001,-124.06
32.6944,Generation Node,SAMPSON_6_N010,-117.14
32.6672,Load Node,BARRETT_6_N001,-116.7
38.8088,Load Node,CATLETT_6_N001,-121.52
32.797,Load Node,LOVELAND_6_N001,-116.79
39.1295,Load Node,ELKCREEK_6_N001,-123.71
39.1295,Generation Node,ELKCREEK_6_N003,-123.71
37.6709,Load Node,GRANTRK_6_N001,-122.16
38.9034,Load Node,AUBURN_6_N001,-121.07
32.5953,Load Node,OTAYLAKE_6_N001,-117.06
32.7842,Load Node,MISSION_6_N001,-117.14
32.7842,Load Node,MISSION_6_N031,-117.14
32.7842,Load Node,MISSION_6_N040,-117.14
32.7842,Load Node,MISSION_6_N049,-117.14
37.6052,Load Node,MILLBRAE_1_N001,-122.39
37.6052,Load Node,MILLBRAE_1_N004,-122.39
37.6052,Generation Node,MILLBRAE_1_N007,-122.39
37.6052,Load Node,MILLBRAE_1_N201,-122.39
32.5953,Generation Node,RAMCOOY_7_B1,-117.06
32.7661,Load Node,OLDTOWN_6_N001,-117.19
32.5953,Load Node,OTAY_6_N001,-117.06
32.5953,Load Node,OTAY_6_N014,-117.06
32.5953,Generation Node,OTAY_6_N017,-117.06
32.5953,Generation Node,OTAY_6_N018,-117.06
38.2311,Load Node,GRANDIS_1_N004,-121.59
38.2311,Load Node,GRANDIS_1_N009,-121.59
38.166,Load Node,HIGHWAY_1_N001,-122.25
38.166,Load Node,HIGHWAY_1_N002,-122.25
38.166,Generation Node,HIGHWAY_1_N003,-122.25
37.4969,Load Node,BAIR_1_N001,-122.21
37.5117,Load Node,SHREDDER_1_N001,-122.21
37.4037,Load Node,MONTAGUE_1_N001,-121.91
37.5117,Load Node,LONESTAR_1_N001,-122.21
37.4037,Load Node,MONTAGUE_1_N006,-121.91
37.4037,Load Node,MONTAGUE_1_N007,-121.91
37.9378,Load Node,GREENBRE_6_N001,-122.51
37.9378,Load Node,GREENBRE_6_N003,-122.51
32.6704,Load Node,NAVSTMTR_6_N001,-117.11
32.6704,Load Node,NAVSTMTR_6_N011,-117.11
37.8983,Load Node,ALTO_6_N001,-122.52
37.8983,Load Node,ALTO_6_N101,-122.52
33.3129,Load Node,LASPLGS_6_N001,-117.47
32.6731,Load Node,NATNLCTY_6_N005,-117.11
32.6731,Load Node,NATNLCTY_6_N001,-117.11
36.7489,Load Node,LAGUNATP_6_N001,-121.61
32.5663,Generation Node,CPBORDER_7_B1,-116.94
37.4573,Load Node,GLENWOOD_6_N001,-122.19
37.4573,Load Node,GLENWOOD_6_N004,-122.19
37.4573,Load Node,GLENWOOD_6_N005,-122.19
32.9937,Load Node,RCARMEL_6_N011,-117.08
32.9937,Load Node,RCARMEL_6_N001,-117.08
32.9937,Load Node,RCARMEL_6_N004,-117.08
32.6816,Load Node,DIVISION_6_N001,-117.12
32.6816,Load Node,DIVISION_6_N009,-117.12
32.7441,Load Node,JAMACHA_6_N001,-116.96
32.7441,Load Node,JAMACHA_6_N006,-116.96
32.7441,Load Node,JAMACHA_6_N015,-116.96
32.5663,Load Node,BORDER_6_N001,-116.94
32.5663,Load Node,BORDER_6_N008,-116.94
32.6816,Generation Node,NSCOGEN_7_B1,-117.12
37.0216,Load Node,CRUSHER_6_N001,-122.15
37.42,Load Node,TRIMBLE_1_N004,-121.73
37.42,Load Node,TRIMBLE_1_N010,-121.73
37.42,Load Node,TRIMBLE_1_N016,-121.73
37.42,Load Node,TRIMBLE_1_N020,-121.73
37.4329,Load Node,MENLO_6_N001,-122.2
37.4329,Load Node,MENLO_6_N002,-122.2
37.4329,Load Node,MENLO_6_N003,-122.2
37.4329,Load Node,MENLO_6_N004,-122.2
33.0685,Load Node,OMWD_6_N001,-117.14
36.903,Load Node,CICCOGN_7_N001,-121.76
36.903,Generation Node,CICCOGN_7_N002,-121.76
37.5956,Load Node,JARVIS_1_N014,-122.02
37.5956,Load Node,JARVIS_1_N016,-122.02
37.5956,Load Node,JARVIS_1_N017,-122.02
37.5956,Load Node,JARVIS_1_N101,-122.02
32.6581,Load Node,SWEETWTR_6_N017,-117.09
32.6581,Load Node,SWEETWTR_6_N018,-117.09
32.779,Load Node,FRIARS_1_N001,-117.16
32.779,Load Node,FRIARS_1_N009,-117.16
32.779,Generation Node,FRIARS_1_N010,-117.16
40.2858,Load Node,FRUITLND_6_N001,-123.84
37.4687,Load Node,HLFMNBY_6_N002,-122.43
37.4687,Load Node,HLFMNBY_6_N004,-122.43
37.4687,Load Node,HLFMNBY_6_N101,-122.43
32.7984,Load Node,GLENCLIF_6_N001,-116.5
37.55,Load Node,SHAWROAD_1_N001,-122.42
37.0309,Load Node,PTMRTTI_6_N001,-122.19
32.6532,Load Node,CAMERON_6_N001,-116.49
37.3477,Load Node,FMC_1_N001,-121.92
37.3477,Load Node,FMC_1_N003,-121.92
37.51,Load Node,AGNEW_1_N003,-121.84
37.7529,Load Node,BNTACRB_6_N001,-121.35
33.3559,Load Node,PLOALTO_1_N001,-117.11
33.3559,Load Node,PLOALTO_1_N007,-117.11
33.3559,Load Node,PLOALTO_1_N013,-117.11
33.3559,Generation Node,PLOALTO_1_N019,-117.11
37.3282,Load Node,SNJSEA_1_N001,-121.9
37.3409,Load Node,SNJOSEB_1_N009,-121.9
37.3409,Load Node,SNJOSEB_1_N001,-121.9
37.3409,Load Node,SNJOSEB_1_N005,-121.9
37.3409,Load Node,SNJOSEB_1_N013,-121.9
37.3282,Load Node,SNJSEA_1_N005,-121.9
37.3282,Load Node,SNJSEA_1_N101,-121.9
38.4127,Load Node,PNEGRVE_6_N001,-120.66
38.4127,Load Node,PNEGRVE_6_N002,-120.66
37.5515,Load Node,BAYMDWS_1_N001,-122.29
37.5515,Load Node,BAYMDWS_1_N004,-122.29
37.5515,Load Node,BAYMDWS_1_N008,-122.29
37.5515,Load Node,BAYMDWS_1_N012,-122.29
38.1901,Load Node,COLONY_6_N001,-121.18
38.8093,Load Node,KNGHTSLD_1_N001,-121.75
33.0932,Load Node,FELICITA_6_N001,-117.07
33.0932,Load Node,FELICITA_6_N005,-117.07
33.0932,Load Node,FELICITA_6_N009,-117.07
32.6316,Load Node,MONTGMRY_6_N001,-117.1
32.6316,Load Node,MONTGMRY_6_N002,-117.1
38.0055,Load Node,CHEROKEE_6_N001,-121.24
37.4362,Load Node,WOODSIDE_6_N001,-122.24
37.4362,Load Node,WOODSIDE_6_N003,-122.24
37.4362,Load Node,WOODSIDE_6_N004,-122.24
32.8545,Load Node,SANTEE_1_N001,-116.97
32.8545,Load Node,SANTEE_1_N003,-116.97
32.8545,Load Node,SANTEE_1_N004,-116.97
36.9799,Load Node,ROBROY_1_N001,-121.87
49.3127,Load Node,MERIDIAN_6_N101,-122.81
37.5869,Load Node,SUNOL_6_N001,-121.87
37.2922,Load Node,ELPATIO_1_N001,-121.94
37.2922,Load Node,ELPATIO_1_N006,-121.94
37.2922,Load Node,ELPATIO_1_N015,-121.94
37.37,Generation Node,ELPATIO_1_N019,-121.7
38.9013,Load Node,PLACER_1_N001,-121.09
37.8014,Load Node,MANTECA_1_N001,-121.22
37.8014,Load Node,MANTECA_1_N002,-121.22
37.8014,Load Node,MANTECA_1_N012,-121.22
37.8014,Load Node,MANTECA_1_N013,-121.22
37.4162,Load Node,LOCKHD2_1_N001,-122.03
37.37,Load Node,AMD_1_N001,-121.93
37.5289,Load Node,CRYSTLSG_6_N001,-122.36
37.36,Load Node,APPMAT_1_N001,-121.98
37.36,Load Node,APPMAT_1_N010,-121.98
37.3609,Load Node,MABURY_6_N001,-121.86
32.62,Generation Node,SOUTHBAY_6_B1,-117.08
37.3743,Load Node,BRITTN_1_N001,-122.02
37.3743,Load Node,BRITTN_1_N005,-122.02
37.3743,Load Node,BRITTN_1_N006,-122.02
37.3939,Load Node,LOSALTS_6_N004,-122.11
37.3939,Load Node,LOSALTS_6_N005,-122.11
37.3939,Load Node,LOSALTS_6_N101,-122.11
39.685,Load Node,LYTNVLLE_6_N001,-123.48
36.9306,Load Node,ERTA_6_N001,-121.76
38.8853,Load Node,FLINT_1_N001,-121.07
39.7615,Load Node,PARADISX_6_N001,-121.62
39.7615,Load Node,PARADISX_6_N004,-121.62
32.8598,Load Node,LOSCOCHS_6_N001,-116.9
32.8598,Load Node,LOSCOCHS_6_N033,-116.9
32.8598,Load Node,LOSCOCHS_6_N034,-116.9
38.9474,Load Node,BELLPGE_1_N001,-121.09
38.9474,Load Node,BELLPGE_1_N005,-121.09
32.7842,Generation Node,MISSION_2_N035,-117.14
32.8549,Load Node,CARLTNHS_1_N001,-117.01
32.8549,Load Node,CARLTNHS_1_N004,-117.01
32.8549,Generation Node,CARLTNHS_1_N011,-117.01
32.8549,Generation Node,CARLTNHS_1_N012,-117.01
37.53,Generation Node,KIFER_1_B1,-121.77
38.19,Load Node,JMSCNPMP_1_N001,-122.47
32.8045,Load Node,GRNTHLL_1_N001,-116.92
37.85,Load Node,VIERRA_1_N001,-121.24
37.5896,Load Node,BURLNGME_1_N001,-122.36
38.7398,Generation Node,APPLEHL_1_N004,-120.68
38.7398,Load Node,APPLEHL_1_N001,-120.68
38.7398,Load Node,APPLEHL_1_N002,-120.68
38.7398,Load Node,SPICAMIN_1_N001,-120.68
38.4715,Load Node,MONTERO_6_N004,-123.01
38.4715,Load Node,MONTERO_6_N001,-123.01
37.5529,Load Node,CAROLNDS_6_N001,-122.38
37.5529,Load Node,CAROLNDS_6_N002,-122.38
38.0425,Load Node,OLEMA_6_N001,-122.79
37.46,Load Node,NORTECH_1_N001,-121.76
37.26,Load Node,CPLECEF_1_N001,-121.64
37.26,Load Node,CPLECEF_1_N005,-121.64
37.25,Generation Node,LECEFGT1_7_B1,-121.77
38.6338,Load Node,LIMESTNE_6_N001,-120.98
38.6338,Load Node,LIMESTNE_6_N005,-120.98
37.6801,Load Node,LIVERMRE_6_N001,-121.78
37.6801,Load Node,LIVERMRE_6_N003,-121.78
37.3609,Load Node,MABURY_1_N001,-121.86
37.5363,Load Node,HILLSDLE_6_N001,-122.32
37.3154,Load Node,NEWMAN_6_B2,-121.02
37.3154,Load Node,NEWMAN_6_N001,-121.02
41.0642,Load Node,TRINIDAD_6_N001,-124.13
37.666,Load Node,IUKA_6_N001,-121.83
38.7302,Load Node,PLACERVL_1_N001,-120.79
37.3972,Load Node,LAWRENCE_1_N001,-122.01
37.3972,Load Node,LAWRENCE_1_N003,-122.01
37.3972,Load Node,LAWRENCE_1_N004,-122.01
37.3972,Generation Node,LAWRENCE_1_N006,-122.01
37.4578,Load Node,DIXONLD_1_N001,-121.92
37.4578,Load Node,DIXONLD_1_N002,-121.92
37.4578,Load Node,DIXONLD_1_N008,-121.92
37.3365,Load Node,CATALYST_7_N001,-121.88
37.3365,Generation Node,CATALYST_7_N002,-121.88
37.6696,Load Node,VINEYARD_6_N001,-121.85
36.8869,Load Node,OROLOMA_6_N001,-120.66
38.7302,Generation Node,PLCRVLB2_7_N001,-120.79
38.7302,Generation Node,PLCRVLB2_7_N002,-120.79
37.565,Load Node,BERESFRD_6_N001,-122.32
37.565,Load Node,BERESFRD_6_N002,-122.32
37.8078,Load Node,CLAMMNA_1_N001,-121.28
38.3097,Load Node,COTATI_6_N102,-122.73
38.3097,Load Node,COTATI_6_N101,-122.73
37.4091,Load Node,LOCKHD1_1_N001,-122.03
37.6726,Load Node,RADUM_6_N004,-121.86
37.6726,Load Node,RADUM_6_N001,-121.86
38.0299,Load Node,URICH_6_N001,-122.1
38.1456,Load Node,VICTOR_6_N001,-121.18
38.1456,Load Node,VICTOR_6_N002,-121.18
33.1372,Load Node,NARROWS_6_N010,-116.29
37.1295,Load Node,BIGBASN_6_N001,-122.17
36.6136,Load Node,SPENCE_6_N001,-121.57
38.693,Load Node,DMNDSPR_1_N001,-120.83
38.693,Load Node,DMNDSPR_1_N003,-120.83
37.9633,Load Node,STCKTNAR_6_N001,-121.32
37.4154,Load Node,MILPITAS_1_N001,-121.89
37.4154,Load Node,MILPITAS_1_N003,-121.89
37.4154,Load Node,MILPITAS_1_N005,-121.89
37.4154,Load Node,MILPITAS_1_N006,-121.89
37.4154,Generation Node,MILPITAS_1_N008,-121.89
37.41,Load Node,MOFTFLD_1_N002,-122.04
38.6596,Load Node,SHNGLESR_1_N103,-120.95
38.6596,Load Node,SHNGLESR_1_N001,-120.95
38.6596,Load Node,SHNGLESR_1_N004,-120.95
38.1998,Load Node,NBRANCH_6_N001,-120.72
33.1365,Load Node,ASH_6_N001,-117.07
33.1365,Load Node,ASH_6_N005,-117.07
33.1365,Load Node,ASH_6_N101,-117.07
39.1394,Load Node,MRYSVLLE_6_N001,-121.58
39.1394,Load Node,MRYSVLLE_6_N003,-121.58
39.932,Load Node,CORNING_6_N004,-122.19
39.932,Load Node,CORNING_6_N006,-122.19
39.932,Load Node,CORNING_6_N102,-122.19
37.9637,Load Node,HARDING_6_N001,-121.29
37.9637,Load Node,HARDING_6_N004,-121.29
38.0333,Generation Node,STAUFER_7_B1,-122.12
37.5833,Load Node,SANMATO_6_N001,-122.32
37.34,Load Node,PHILLIPS_1_N001,-122.03
38.2766,Generation Node,SONMALF_7_B1,-122.46
37.3664,Load Node,MCKEE_1_N001,-121.84
37.3664,Load Node,MCKEE_1_N005,-121.84
37.3664,Load Node,MCKEE_1_N101,-121.84
33.0155,Load Node,WARENCYN_6_N001,-117
33.0155,Load Node,WARENCYN_6_N002,-117
38.1165,Load Node,TERMNOUS_6_N001,-121.42
37.5,Load Node,NUMITAP_1_N003,-122.04
36.8627,Load Node,HOLLISTR_1_N001,-121.41
36.8627,Load Node,HOLLISTR_1_N004,-121.41
36.8627,Load Node,HOLLISTR_1_N101,-121.41
37.47,Load Node,ZANKER_1_N001,-121.81
37.47,Load Node,ZANKER_1_N003,-121.81
37.7974,Load Node,OAKC12_7_N002,-122.28
37.7974,Generation Node,OAKLND12_7_N001,-122.28
37.79,Load Node,CARTWRT_1_N001,-122.25
37.79,Load Node,CARTWRT_1_N010,-122.25
38.0781,Load Node,METTLER_6_N001,-121.29
40.7679,Load Node,MPLECRK_6_N001,-123.87
38.0552,Load Node,TOCALOMA_6_N001,-122.76
37.7974,Generation Node,OAKLND12_7_N101,-122.28
37.8,Generation Node,OAKLAND_1_B1,-122.27
37.7974,Load Node,OAKLAND_1_N001,-122.28
37.7974,Load Node,OAKLAND_1_N006,-122.28
37.7974,Load Node,OAKLAND_1_N033,-122.28
37.7974,Generation Node,OAKLND3_7_N001,-122.28
33.4095,Load Node,SANMATEO_1_N001A,-117.59
32.658,Load Node,SUNYSIDE_6_N001,-117.03
37.4175,Load Node,AMESBS_1_N004,-122.07
37.4175,Load Node,AMESBS_1_N101,-122.07
37.4175,Load Node,AMESDST_1_N001,-122.07
38.0123,Load Node,FRANKLIN_6_N003,-122.26
37.8102,Load Node,STATIN-L_7_N001,-122.27
39.7462,Load Node,HAMILTON_6_N001,-122.01
39.2311,Load Node,BRUNSWCK_1_N101,-121.03
37.8102,Load Node,STATINL_1_N001,-122.27
33.1255,Generation Node,CPESCNDO_7_A1,-117.12
33.1255,Load Node,ESCNDIDO_6_N001,-117.12
33.1255,Load Node,ESCNDIDO_6_N046,-117.12
33.1255,Load Node,ESCNDIDO_6_N053,-117.12
32.9787,Load Node,POWAY_6_N001,-117.03
32.9787,Load Node,POWAY_6_N010,-117.03
39.3115,Load Node,BIGRIVR_6_N001,-123.79
37.3607,Load Node,LOYOLA_6_N001,-122.1
37.3607,Load Node,LOYOLA_6_N004,-122.1
32.62,Generation Node,SOUTHBAY_1_B1,-117.08
38.3692,Load Node,AMFORST_6_N001,-120.8
37.8055,Load Node,STATINX_1_N001,-122.23
37.8055,Load Node,STATINX_1_N012,-122.23
37.8055,Load Node,STATINX_1_N014,-122.23
37.8055,Load Node,STATINX_1_N024,-122.23
32.96,Load Node,CHCARITA_1_N001,-117.09
32.96,Load Node,CHCARITA_1_N004,-117.09
32.96,Generation Node,CHCARITA_1_N012,-117.09
32.96,Load Node,CHCARITA_1_N008,-117.09
38.0215,Load Node,MSHR60V_6_N001,-121.28
38.0215,Load Node,MSHR60V_6_N006,-121.28
38.6555,Load Node,CLRKSVLE_1_N001,-121.06
38.6555,Load Node,CLRKSVLE_1_N003,-121.06
38.6555,Generation Node,CLRKSVLE_1_N010,-121.06
38.6555,Load Node,CLRKSVLE_1_N004,-121.06
37.9907,Load Node,WESTLANE_6_N001,-121.28
33.13,Generation Node,ESCNDIDO_2_B1,-117.12
37.3037,Load Node,STONE_1_N001,-121.87
37.3037,Load Node,STONE_1_N005,-121.87
37.5411,Load Node,FREMNT_1_N001,-121.96
37.5411,Load Node,FREMNT_1_N007,-121.96
37.5411,Load Node,FREMNT_1_N013,-121.96
38.066,Load Node,NRTHTWR_1_N001,-122.2
38.066,Load Node,NRTHTWR_1_N002,-122.2
38.066,Load Node,NRTHTWR_1_N004,-122.2
37.4878,Load Node,WATRSHED_6_N001,-122.31
38.7988,Load Node,DELMAR_6_N001A,-121.22
38.7988,Load Node,DELMAR_6_N005,-121.22
38.7443,Load Node,HORSESHE_1_N001,-121.16
38.7443,Load Node,HORSESHE_1_N002,-121.16
38.3692,Load Node,MARTELL_6_N001,-120.8
38.02,Load Node,MARTINEZ_1_N001,-122.16
39.4649,Load Node,ALLEGHNY_6_N001,-120.84
38.9098,Load Node,ENICOLS_6_N001,-121.54
38.788,Load Node,ROCKLIN_6_N001,-121.23
38.788,Load Node,ROCKLIN_6_N003,-121.23
37.7219,Load Node,LYOTH-SP_6_N001,-121.39
36.6533,Load Node,BNAVSTA_6_N001,-121.63
36.6533,Load Node,BNAVSTA_6_N002,-121.63
36.6533,Load Node,BNAVSTA_6_N003,-121.63
38.1015,Load Node,CORRAL_6_N001,-120.93
38.1015,Load Node,CORRAL_6_N003,-120.93
39.1909,Load Node,CLSAJCT_6_N001,-121.99
37.7529,Load Node,BANTA_6_N001,-121.35
39.0435,Load Node,HIGGINS_1_N001,-121.09
39.0435,Load Node,HIGGINS_1_N002,-121.09
39.0435,Load Node,HIGGINS_1_N004,-121.09
39.0435,Generation Node,HIGGINS_1_N007,-121.09
37.8375,Load Node,STATIND_1_N001,-122.26
37.8375,Load Node,STATIND_1_N010,-122.26
37.8375,Load Node,STATIND_1_N013,-122.26
37.5,Generation Node,NEWARKD_1_B2,-121.96
37.5004,Load Node,NEWARKD_1_N001,-121.99
37.5004,Load Node,NEWARKD_1_N012,-121.99
37.5004,Generation Node,NEWARKD_1_N126,-121.99
33.1255,Generation Node,CPESCNDO_7_B1,-117.12
37.6922,Load Node,CARBONA_6_N003,-121.42
37.6922,Load Node,CARBONA_6_N101,-121.42
33.1157,Load Node,ESCO_6_N001,-117.09
33.1157,Load Node,ESCO_6_N004,-117.09
37.3033,Load Node,EVRGREEN_1_N001,-121.84
37.3033,Load Node,EVRGREEN_1_N019,-121.84
34.2074,Generation Node,MANDLY3G_7_B1,-119.25
34.2074,Load Node,MANDLY3G_7_N001,-119.25
34.3009,Generation Node,WILLAMET_7_B1,-119.19
34.3009,Generation Node,SCLARA_6_N008,-119.19
34.3009,Load Node,SCLARA_6_N001,-119.19
38.0316,Load Node,SHLLCHM_6_N001,-121.95
34.3009,Generation Node,PROCGEN_7_B1,-119.19
34.3009,Generation Node,OXGEN_7_B1,-119.19
34.2074,Generation Node,MANDLY1G_7_B1,-119.25
34.2074,Load Node,MANDLY1G_7_N002,-119.25
34.2074,Generation Node,MANDLY2G_7_B1,-119.25
34.2074,Load Node,MANDLY2G_7_N002,-119.25
34.3,Generation Node,SCLARA_2_B1,-119.19
39.1433,Load Node,HARTER_6_N001,-121.65
39.1433,Load Node,HARTER_6_N003,-121.65
37.3225,Load Node,SWIFT_1_N003,-121.8
37.3225,Load Node,SWIFT_1_N006,-121.8
37.3225,Load Node,SWIFT_1_N001,-121.8
37.73,Load Node,TESSUB_2_N001,-121.93
36.9521,Load Node,GRNVALY_1_N011,-121.76
37.4622,Load Node,EMRLDLE_6_N001,-122.28
36.9521,Load Node,GRNVALY_1_N001,-121.76
36.9521,Generation Node,GRNVALY_1_N025,-121.76
37.48,Load Node,NWKDIST_2_N001,-121.98
37.48,Load Node,NWKDIST_2_N004,-121.98
38.9126,Load Node,PNTARNA_6_N001,-123.68
38.8888,Load Node,GARCIA_6_N001,-123.55
37.9411,Load Node,BOLINAS_6_N001,-122.71
37.14,Generation Node,GILROYF_1_B1,-121.58
37.14,Load Node,GILROYF_1_N001,-121.58
37.13,Generation Node,GLRYCGG1_7_B2,-121.56
37.13,Load Node,GLRYCGG1_7_N001,-121.56
37.0069,Load Node,LLAGAS_1_N001,-121.56
37.0069,Load Node,LLAGAS_1_N003,-121.56
37.0069,Load Node,LLAGAS_1_N005,-121.56
40.1384,Load Node,CRCANAL_6_N001,-122.21
34.0792,Load Node,MTVIEW_1_N005,-117.24
34.0792,Load Node,MTVIEW_1_N001,-117.24
34.0792,Load Node,MTVIEW_1_N004,-117.24
32.8259,Load Node,CLARMNT_1_N001,-117.18
32.8259,Generation Node,CLARMNT_1_N028,-117.18
37.4049,Load Node,WHISMAN_1_N001,-122.07
37.4049,Load Node,WHISMAN_1_N004,-122.07
37.4049,Load Node,WHISMAN_1_N009,-122.07
36.72,Load Node,DFS_1_N001,-120.6
39.0919,Load Node,OLIVHRST_1_N001,-121.54
39.0919,Load Node,OLIVHRST_1_N002,-121.54
38.04,Generation Node,OLEUM_1_B1,-122.25
37.9471,Load Node,STKTONA_6_N001,-121.29
37.9471,Load Node,STKTONA_6_N004,-121.29
32.9414,Load Node,POMERADO_6_N001,-117.03
32.9414,Load Node,POMERADO_6_N004,-117.03
32.9414,Load Node,POMERADO_6_N008,-117.03
34.3558,Load Node,PERMNNTE_6_N002,-116.86
33.1157,Generation Node,GOALLINE_6_N001,-117.09
38.9364,Generation Node,RIOOSO_1_N033,-121.47
37.42,Generation Node,SLAC_2_N005,-122.2
37.42,Load Node,SLA_2_N001,-122.2
37.42,Load Node,SLA_2_N004,-122.2
40.1384,Load Node,TYLER_6_N001,-122.21
40.1384,Load Node,TYLER_6_N002,-122.21
40.0642,Load Node,GERBER_6_N101,-122.16
39.1295,Load Node,ELK_6_N001,-123.71
37.9259,Load Node,RICHMOND_1_N001,-122.37
37.9259,Generation Node,RICHMOND_1_N004,-122.37
38.3832,Load Node,DUNBAR_6_N001,-122.53
38.3832,Load Node,DUNBAR_6_N002,-122.53
40.1453,Load Node,RAWSON_6_N002,-122.21
40.1453,Load Node,RAWSON_6_N001,-122.21
40.1827,Generation Node,NEORBLF_7_B1,-122.24
40.6288,Load Node,WHITMORE_6_N001,-121.92
37.9661,Load Node,VALLYVW_1_N001,-122.28
37.9661,Load Node,VALLYVW_1_N003,-122.28
38.0015,Load Node,IMHOFF_1_N001,-122.07
37.51,Generation Node,NEWARK_2_B1,-121.95
37.51,Generation Node,NEWARK_2_B2,-121.95
39.0131,Load Node,WHEATLND_6_N001,-121.42
38.12,Load Node,STAFFORD_6_N002,-122.61
38.12,Load Node,STAFFORD_6_N101,-122.61
37.5571,Load Node,DUMBARTN_1_N001,-122.06
37.5571,Load Node,DUMBARTN_1_N003,-122.06
37.5571,Load Node,DUMBARTN_1_N011,-122.06
37.336,Load Node,STELLING_1_N001,-122.04
37.336,Load Node,STELLING_1_N004,-122.04
37.336,Load Node,STELLING_1_N007,-122.04
37.3351,Load Node,WOLFE_1_N001,-122.02
37.3351,Load Node,WOLFE_1_N002,-122.02
37.3351,Load Node,WOLFE_1_N007,-122.02
37.3773,Load Node,CRWSLDG_6_N001,-121.09
37.9198,Load Node,WEBER_6_N001,-121.24
40.8671,Load Node,ARCATA_6_N001,-124.09
32.699,Load Node,CRESTWD_6_N001,-116.35
39.4854,Load Node,CHALLNGE_6_N001,-121.22
36.5787,Load Node,VIEJOSC_2_N001,-121.91
36.5787,Load Node,VIEJOSC_2_N004,-121.91
38.0213,Load Node,HAMMER_6_N004,-121.32
38.0213,Load Node,HAMMER_6_N003,-121.32
38.0213,Load Node,HAMMER_6_N001,-121.32
37.1274,Load Node,MRGNHIL_1_N007,-121.66
37.1274,Load Node,MRGNHIL_1_N001,-121.66
37.1274,Load Node,MRGNHIL_1_N004,-121.66
32.699,Generation Node,KUMEYAAY_7_N001,-116.35
38.04,Load Node,BOLLMAN_1_N003,-121.98
38.0308,Load Node,PITTSBRG_6_N101,-121.87
37.7484,Load Node,TRACY_1_N001,-121.42
37.7484,Load Node,TRACY_1_N002,-121.42
37.7484,Load Node,TRACY_1_N007,-121.42
37.7484,Load Node,TRACY_1_N101,-121.42
36.5787,Load Node,VIEJO_6_N001,-121.91
36.5787,Load Node,VIEJO_6_N003,-121.91
38.6584,Generation Node,GOLDHILL_1_N033,-121.14
39.4387,Load Node,PIKECTY_6_N001,-121
40.9053,Load Node,JANSCRK_6_N003,-124.07
40.9053,Load Node,JANSCRK_6_N001,-124.07
37.6913,Load Node,CASTROVL_2_N001,-122.06
37.6913,Load Node,CASTROVL_2_N003,-122.06
36.7627,Load Node,CASTROVL_2_N006,-121.74
36.69,Load Node,BORONDA_6_N001,-121.68
38.02,Generation Node,BELLOTA_2_B1,-121.01
37.75,Load Node,OIGLASS_1_N001,-121.31
37.9162,Load Node,ELCRRTO_1_N001,-122.3
37.9162,Load Node,ELCRRTO_1_N023,-122.3
37.7484,Load Node,LEPRINO_1_N001,-121.42
40.9053,Load Node,LPFLKBD_6_N001,-124.07
37.94,Load Node,STDOIL_1_N009,-122.38
37.93,Generation Node,CHEVGEN1_7_B1,-122.38
37.95,Generation Node,CHEVGEN2_7_B1,-122.4
39.811,Load Node,ANITA_6_N001,-121.92
38.14,Generation Node,COLLRVL1_7_B1,-120.4
38.15,Generation Node,COLLRVL2_7_B1,-120.39
32.6379,Load Node,TELECYN_1_N001,-117.02
32.6379,Load Node,TELECYN_1_N006,-117.02
32.6379,Load Node,TELECYN_1_N014,-117.02
37.28,Load Node,PIERCY_1_N201,-121.83
37.9848,Load Node,SANPBLO_1_N001,-122.34
39,Generation Node,RALSTON_2_B1,-120.72
38.5177,Load Node,WINTERS_6_N001,-121.95
39.9416,Load Node,VINA_6_N001,-122.04
38.239,Load Node,PETLMAC_6_N002,-122.64
38.239,Load Node,PETLMAC_6_N003,-122.64
38.239,Load Node,PETLMAC_6_N004,-122.64
38.02,Load Node,PPSTLTAP_1_N001,-122.37
38.02,Load Node,PPSTLTAP_1_N104,-122.37
37.848,Load Node,MORAGA_1_N001,-122.16
39.02,Generation Node,MIDLFORK_2_B1,-120.6
37.9198,Load Node,WEBER_2_B1,-121.24
37.6709,Load Node,GRANT_1_N001,-122.16
37.6709,Load Node,GRANT_1_N005,-122.16
39,Generation Node,RALSTON_7_B1,-120.71
38.2452,Load Node,SUISUN_1_N001,-122.04
38.2452,Load Node,SUISUN_1_N008,-122.04
38.2452,Load Node,SUISUN_1_N009,-122.04
38.2452,Generation Node,SUISUN_1_N010,-122.04
37.6696,Load Node,VINEYARD_2_N001,-121.85
37.6696,Load Node,VINEYARD_2_N002,-121.85
35.6526,Generation Node,INYO_2_N101,-117.79
37.8767,Load Node,ESTPRTL_1_N001,-122.19
39.03,Generation Node,MIDLFORK_7_B1,-120.61
39.03,Generation Node,MIDLFORK_7_B3,-120.61
38.2057,Load Node,JAMESON_1_N001,-122.15
38.3,Load Node,SCHMLBCH_1_N001,-121.87
37.7479,Generation Node,SEAWEST_6_N001,-121.67
39.2311,Load Node,BRUNSWCK_1_N003,-121.03
39.2311,Load Node,BRUNSWCK_1_N008,-121.03
38.94,Generation Node,GLEAFTP_1_B1,-121.51
36.5568,Load Node,HATTON_6_N001,-121.9
37.0664,Load Node,CANAL_6_N006,-120.84
37.9553,Load Node,CHANNEL_6_N001,-121.33
39.1634,Load Node,EMRYSVE_1_N001,-121.56
39.1634,Load Node,EMRYSVE_1_N003,-121.56
37.83,Load Node,INGRMC_1_N001,-121.17
39.1701,Load Node,PEASE_1_N001,-121.66
39.1701,Load Node,PEASE_1_N008,-121.66
39.1701,Load Node,PEASE_1_N009,-121.66
39.0961,Generation Node,FREC_7_B1,-121.62
39.0961,Load Node,BOGUE_1_N001,-121.62
39.0961,Load Node,BOGUE_1_N201,-121.62
36.6832,Load Node,SALINAS_1_N001,-121.65
36.68,Generation Node,SALINAS_1_N033,-121.67
36.6832,Load Node,SALINAS_1_N024,-121.65
37.75,Generation Node,VASCJCT_6_B1,-121.71
37.7113,Load Node,VASCO_6_N001,-121.72
37.7113,Load Node,VASCO_6_N003,-121.72
37.9553,Load Node,ROGH-RDY_6_N001,-121.33
37.745,Load Node,SANRAMON_2_N001,-121.94
37.745,Load Node,SANRAMON_2_N023,-121.94
37.745,Generation Node,SANRAMON_2_N025,-121.94
37.745,Load Node,SANRAMON_2_N004,-121.94
37.745,Load Node,SANRAMON_2_N024,-121.94
39.2474,Load Node,ENCINAL_6_N001,-121.64
38.512,Load Node,WOHLER_6_N001,-122.88
36.5999,Load Node,MONTEREY_6_N001,-121.89
40.7939,Load Node,EUREKAA_6_N001,-124.18
37.7009,Load Node,LSPSTAS_2_N001,-121.73
37.7009,Load Node,LSPSTAS_2_N002,-121.73
37.7009,Load Node,LSPSTAS_2_N010,-121.73
37.7009,Load Node,LSPSTAS_2_N011,-121.73
38.0121,Load Node,WOODACRE_6_N001,-122.65
39.1576,Load Node,WILLIAMS_6_N001,-122.15
39.1576,Load Node,WILLIAMS_6_N002,-122.15
37.9089,Load Node,LAKEWOOD_1_N009,-122.06
37.9089,Load Node,LAKEWOOD_1_N001,-122.06
37.9089,Load Node,LAKEWOOD_1_N003,-122.06
37.9089,Load Node,LAKEWOOD_1_N004,-122.06
37.9089,Load Node,LAKEWOOD_1_N007,-122.06
37.9089,Load Node,LAKEWOOD_1_N006,-122.06
37.7996,Load Node,TASSAJAR_2_N001,-121.91
37.7996,Load Node,TASSAJAR_2_N002,-121.91
38.0135,Load Node,ANTIOCH_6_N001,-121.82
40.781,Load Node,HARRIS_6_N001,-124.13
40.781,Load Node,HARRIS_6_N003,-124.13
38.33,Generation Node,ELECTRA_2_B1,-120.66
37.2809,Load Node,SARATOGA_2_N001,-122.01
37.2809,Load Node,SARATOGA_2_N006,-122.01
37.2809,Load Node,SARATOGA_2_N011,-122.01
32.665,Load Node,PRCTRVLY_1_N001,-116.99
32.665,Load Node,PRCTRVLY_1_N010,-116.99
37.9796,Load Node,CNTRYCB_6_N002,-121.32
37.9796,Load Node,CNTRYCB_6_N001,-121.32
37.9796,Load Node,CNTRYCB_6_N004,-121.32
37.9796,Load Node,CNTRYCB_6_N006,-121.32
40.7939,Load Node,EUREKA_6_N001,-124.18
36.6434,Load Node,FORTORD_6_N001,-121.79
37.8647,Load Node,ROSSMOOR_2_N001,-122.08
37.8647,Load Node,ROSSMOOR_2_N101,-122.08
37.81,Generation Node,USWP-WKR_6_B2,-121.61
37.93,Load Node,EBMUDGRY_1_N001,-122.04
36.7201,Load Node,HAMMONDS_1_N001,-120.6
37.71,Load Node,SAFEWAY_1_N001,-121.4
34.6253,Load Node,SNTAYNZ_1_N001,-120.12
34.6253,Load Node,SNTAYNZ_1_N002,-120.12
38.3453,Load Node,PUEBLOPG_1_N010,-122.3
38.3453,Load Node,PUEBLOPG_1_N001,-122.3
40.8801,Load Node,BLUELKE_6_N001,-123.98
36.5991,Load Node,NVYSCHL_6_N001,-121.88
37.26,Load Node,VASONA_2_N001,-121.9
37.6326,Load Node,MTEDEN_1_N009,-122.1
37.6326,Load Node,MTEDEN_1_N005,-122.1
37.6326,Load Node,MTEDEN_1_N001,-122.1
37.9631,Load Node,MEDWLNE_1_N001,-122.05
37.9631,Load Node,MEDWLNE_1_N002,-122.05
37.9631,Load Node,MEDWLNE_1_N006,-122.05
38.45,Generation Node,TIGRCRK_2_B1,-120.47
38.3424,Load Node,CLAY_6_N001,-120.93
37.88,Load Node,HILLSIDE_1_N004,-122.24
37.88,Load Node,HILLSIDE_1_N001,-122.24
39.5318,Load Node,WILLOWS_6_N001,-122.19
37.9941,Load Node,ALHAMBRA_1_N001,-122.13
37.9941,Load Node,ALHAMBRA_1_N002,-122.13
39.3396,Load Node,DOBBINS_6_N001,-121.2
38.96,Load Node,HOMEGRND_1_N001,-122.84
38.45,Generation Node,RNCHSECO_2_N108,-121.3
38.34,Generation Node,RNCHSECO_2_N107,-121.12
38.4,Generation Node,RNCHSECO_2_N109,-121.22
38.34,Generation Node,RNCHSECO_2_N110,-121.11
34.6253,Load Node,BUELLTON_1_N003,-120.19
34.6253,Load Node,BUELLTON_1_N001,-120.19
39.3319,Load Node,CLMBAHL_6_N001,-121.1
34.2825,Generation Node,MOORPARK_6_N005,-118.9
34.2825,Generation Node,MOORPARK_6_N007,-118.9
34.2825,Load Node,MOORPARK_6_N001,-118.9
34.2825,Generation Node,MOORPARK_6_N006,-118.9
38.94,Load Node,HOMEPROC_1_N001,-122.85
40.77,Generation Node,HUMBOLDT_1_B1,-124.07
37.86,Load Node,NDUBLIN_2_N002,-121.88
36.65,Load Node,LUIS#3_1_N001,-120.73
37.9916,Load Node,STAGG_6_N001,-121.35
37.9916,Load Node,STAGG_6_N003,-121.35
40.7828,Generation Node,HMBLDTB_1_N08,-124.11
38.09,Generation Node,STIGCC_7_B1,-121.37
34.1316,Generation Node,ORMOND2G_7_B1,-119.14
34.1316,Generation Node,ORMOND1G_7_B1,-119.14
34.28,Generation Node,MOORPARK_2_B1,-118.9
39.2262,Load Node,BRWNSVY_6_N001,-121.42
36.72,Load Node,LUIS#5_1_N001,-120.75
38.0581,Load Node,EIGHTMI_2_N017,-121.38
37.9259,Load Node,RICHMOND_1_B1,-122.37
37.9059,Load Node,SOBRANTE_1_N001,-122.21
38.42,Load Node,STONYPT_1_N001,-122.78
37.2341,Load Node,HICKS_2_N001,-121.9
37.2341,Load Node,HICKS_2_N002,-121.9
37.2341,Load Node,HICKS_2_N007,-121.9
37.2341,Generation Node,HICKS_2_N012,-121.9
35.6002,Load Node,CAMBRIA_6_N001,-121.12
38.4454,Load Node,DIXON-J1_6_N101,-121.83
38.4454,Load Node,DIXON_6_B1,-121.83
38.4454,Load Node,DIXON_6_N002,-121.83
38.02,Load Node,WPBART_1_N004,-121.98
38.02,Load Node,WPBART_1_N001,-121.98
37.9916,Load Node,STAGG_2_N001,-121.35
37.9916,Load Node,STAGG_2_N014,-121.35
37.9916,Generation Node,STAGG_2_N015,-121.35
38.234,Load Node,PETLMAA_6_N001,-122.64
39.7251,Load Node,ORLANDB_6_N001,-122.18
39.7251,Load Node,ORLANDB_6_N003,-122.18
38.2161,Load Node,CORDELIA_6_N001,-122.11
38.6061,Load Node,FTCHMTN_6_N001,-122.85
38.6061,Load Node,FTCHMTN_6_N003,-122.85
38.2954,Generation Node,NAPA_6_N003,-122.28
45.6358,Load Node,ACTONSC_6_N001,-121.94
36.7,Load Node,OXFORD_1_N001,-120.68
37.9708,Load Node,SANRAFL_1_N006,-122.53
37.9708,Load Node,SANRAFL_1_N007,-122.53
37.9708,Load Node,SANRAFL_1_N001,-122.53
38.7098,Load Node,GYSRVLLE_6_N003,-122.91
38.7098,Generation Node,GYSRVLLE_6_N005,-122.91
38.7098,Load Node,GYSRVLLE_6_N001,-122.91
38.379,Load Node,BELLVUE_1_N005,-122.71
38.379,Load Node,BELLVUE_1_N001,-122.71
38.379,Load Node,BELLVUE_1_N003,-122.71
36.72,Load Node,WSTLD1RA_1_N001,-120.72
39.96,Generation Node,CRESTA_2_B1,-121.28
38.0809,Load Node,EXXONBH_7_N001,-122.14
38.0809,Generation Node,EXXONBH_7_B2,-122.14
40.128,Load Node,DIRYVLLE_6_N001,-122.1
38.0809,Load Node,BAHIA_2_N001,-122.14
38.0809,Load Node,BAHIA_2_N011,-122.14
38.0809,Generation Node,BAHIA_2_N018,-122.14
37.3428,Generation Node,CONTROLX_1_N002,-118.47
37.3428,Load Node,CONTROLX_1_N001,-118.47
37.3428,Generation Node,CONTROLX_1_N005,-118.47
37.3428,Generation Node,CONTROLX_1_N003,-118.47
37.3428,Generation Node,CONTROLX_1_N004,-118.47
39.9,Generation Node,BCKSCRK_2_B1,-121.31
39.3881,Load Node,BANGOR_6_N001,-121.4
39.91,Generation Node,ROCKCRK_2_B1,-121.35
38.9374,Generation Node,HIGHLD_1_N006,-122.61
38.9374,Generation Node,HIGHLD_1_N004,-122.61
38.9374,Load Node,HIGHLD_1_N001,-122.61
38.9374,Load Node,HIGHLD_1_N005,-122.61
37.755,Generation Node,SLVRPS2_7_N001,-12E-14
37.3428,Load Node,CONTROL_7_N001,-118.47
37.3428,Generation Node,CONTROL_1_N034,-118.47
37.3362,Generation Node,BSPHYD26_7_N001,-118.52
37.34,Generation Node,CONTROL_1_B1,-118.47
36.5991,Load Node,DELMNTE_1_N010,-121.85
36.5991,Load Node,DELMNTE_1_N201,-121.85
37.3084,Generation Node,BSPHYD34_1_N001,-118.54
37.2449,Load Node,EDENVALE_1_N001,-121.8
37.2449,Load Node,EDENVALE_1_N006,-121.8
37.2449,Load Node,EDENVALE_1_N004,-121.8
37.2449,Load Node,EDENVALE_1_N008,-121.8
37.33,Load Node,IBM-CTLE_1_N001,-121.74
37.33,Generation Node,IBM-CTLE_1_N002,-121.74
39.68,Generation Node,POE_2_B1,-121.49
39.67,Generation Node,POE1_7_B1,-121.48
39.69,Generation Node,POE2_7_B1,-121.5
38.6707,Load Node,MADISON_1_N002,-121.97
38.6707,Load Node,MADISON_1_N201,-121.97
35.5708,Load Node,PERRY_6_N001,-121.06
37.71,Generation Node,USWP-JRW_2_N001,-121.86
33.9244,Generation Node,IENERGY_7_B1,-116.57
38.4253,Load Node,MOLINO_6_N002,-122.83
38.4253,Load Node,MOLINO_6_N101,-122.83
38.0223,Load Node,LSGLLNS_1_N003,-122.54
38.0223,Load Node,LSGLLNS_1_N001,-122.54
38.0223,Load Node,LSGLLNS_1_N002,-122.54
38.5,Generation Node,SLTSPRG_1_B1,-120.21
38.63,Generation Node,LAKE_2_N028,-121.14
38.63,Generation Node,LAKE_2_N027,-121.14
38.63,Generation Node,LAKE_2_N032,-121.14
38.63,Generation Node,LAKE_2_N024,-121.14
38.63,Generation Node,LAKE_2_N023,-121.14
38.63,Generation Node,LAKE_2_N025,-121.14
38.63,Generation Node,LAKE_2_N026,-121.14
38.63,Generation Node,LAKE_2_N029,-121.14
38.63,Generation Node,LAKE_2_N030,-121.14
38.63,Generation Node,LAKE_2_N031,-121.14
38.63,Generation Node,LAKE_2_N033,-121.14
38.63,Generation Node,LAKE_2_N034,-121.14
38.63,Generation Node,LAKE_2_N035,-121.14
38.1,Generation Node,LAKE_2_N403,-121.35
37.98,Generation Node,LAKE_2_N404,-121.31
37.34,Load Node,IBM-HRRS_1_N001,-121.74
37.34,Load Node,IBM-HRRS_1_N101,-121.74
38.3155,Load Node,PENNGRVE_1_N001,-122.68
37.81,Load Node,MILLER_1_N001,-121.1
38.2161,Load Node,CORDELIA_1_N001,-122.11
39.2079,Load Node,SMRTVLTP_6_N101,-121.3
39.22,Generation Node,NRRWS2TP_6_B1,-121.28
39.92,Generation Node,ROCKCK2_7_B1,-121.35
36.6328,Load Node,CHENY_1_N001,-120.53
38.96,Generation Node,CHCGOPK_1_B1,-120.9
34.776,Load Node,BAILYJ1_1_N010,-118.78
38.2633,Load Node,BASALT_6_N101,-122.27
38.2633,Load Node,BASALT_6_N002,-122.27
36.65,Generation Node,PANOCHE_1_B1,-120.58
34.6968,Load Node,ZACA_1_N001,-120.15
39.5053,Load Node,OROVILLE_6_N001,-121.56
39.5053,Load Node,OROVILLE_6_N102,-121.56
39.5053,Load Node,OROVILLE_6_N005,-121.56
33.1372,Load Node,NARROWS1_7_N001,-116.29
33.1372,Generation Node,NARROWS1_7_B1,-116.29
37.2244,Load Node,METCALF_1_N018,-121.74
37.2244,Generation Node,METCALF_1_N044,-121.74
38.4894,Load Node,MIRABEL_6_N001,-122.89
37.422,Load Node,SALADO_1_N001,-121.15
39.0637,Load Node,PHILO_6_N001,-123.44
40.5946,Load Node,NEWBURG_6_N001,-124.14
40.5946,Load Node,NEWBURG_6_N003,-124.14
38.4369,Load Node,SNTARSA_1_N006,-122.71
38.4369,Load Node,SNTARSA_1_N001,-122.71
38.4369,Load Node,SNTARSA_1_N002,-122.71
40.6027,Load Node,EELRIVR_6_N001,-124.21
40,Generation Node,BELDEN_7_B1,-121.23
40.48,Generation Node,BRDGVLLE_1_B1,-123.78
39.33,Generation Node,COLGATE_2_B1,-121.19
38.1086,Load Node,NOVATO_6_N002,-122.57
38.1086,Load Node,NOVATO_6_N001,-122.57
38.3858,Load Node,MAINE-PR_6_N001,-121.78
38.3858,Load Node,BATAVIA_6_N001,-121.78
39.3785,Load Node,PEACHTON_6_N004,-121.69
39.3785,Load Node,PEACHTON_6_N001,-121.69
38.17,Load Node,PARKWAY_2_N001,-122.25
34.4222,Load Node,SAUGUS_6_N001,-118.57
34.4222,Generation Node,SAUGUS_6_N009,-118.57
34.4222,Generation Node,SAUGUS_6_N008,-118.57
34.42,Generation Node,SAUGUS_6_N012,-118.57
34.4222,Generation Node,SAUGUS_6_N010,-118.57
39.34,Generation Node,COLGATE2_7_B1,-121.19
34.4222,Generation Node,PITCHGEN_7_B1,-118.57
39.32,Generation Node,COLGATE1_7_B1,-121.18
38,Load Node,PRAXAIR_1_B1,-121.81
39.91,Generation Node,ROCKCK1_7_B1,-121.37
39.2,Generation Node,DTCHFL1_1_B1,-120.84
32.6988,Load Node,CORONA_1_N001,-117.17
34.45,Generation Node,SYLMARLA_2_N501,-118.6
34.35,Generation Node,SYLMARS_2_B1,-118.47
34.34,Generation Node,SYLMARS_2_N101,-118.5
39.5053,Generation Node,OROENGY_7_B1,-121.56
34.4,Generation Node,SYLMARDC_2_N501,-118.55
36.7855,Load Node,PRUNEDLE_1_N001,-121.67
36.7855,Generation Node,PRUNEDLE_1_N004,-121.67
36.7855,Load Node,PRUNEDLE_1_N002,-121.67
35.36,Generation Node,MAGUNDEN_2_B1,-118.92
40.8003,Load Node,FAIRHAVN_6_N001,-124.2
34.5089,Generation Node,PEARBLSM_2_N020,-117.92
34.5089,Load Node,PEARBMDP_7_B1,-117.92
34.5089,Load Node,PEARBMAP_7_B1,-117.92
34.5089,Load Node,PEARBMAP_7_B3,-117.92
34.5089,Load Node,PEARBMAP_7_B4,-117.92
34.5089,Load Node,PEARBMBP_7_B1,-117.92
34.5089,Load Node,PEARBMBP_7_B3,-117.92
34.5089,Load Node,PEARBMBP_7_B4,-117.92
34.5089,Load Node,PEARBMCP_7_B1,-117.92
34.5089,Load Node,PEARBMCP_7_B3,-117.92
37.9438,Load Node,CLAYTN_1_N004,-121.97
38.3424,Load Node,CLAYTN_1_N030,-120.93
38.3424,Load Node,CLAYTN_1_N029,-120.93
38.3424,Load Node,CLAYTN_1_N001,-120.93
37.74,Load Node,AEC300_1_N001,-121.48
37.79,Load Node,TEICHERT_1_N001,-121.36
34.4882,Generation Node,VINCENT_2_N100,-118.12
34.4882,Generation Node,VINCENT_2_N101,-118.12
32.7074,Load Node,CABRILLO_1_N001,-117.25
40.4796,Generation Node,BRDGVLT_7_N002,-123.78
40.4796,Load Node,BRDGVLT_7_N001,-123.78
38.0756,Load Node,IGNACIO_1_N102,-122.54
38.0756,Generation Node,IGNACIO_1_N028,-122.54
38.02,Load Node,FOSTERW_7_N001,-122.06
38.02,Generation Node,FOSTERW_7_N004,-122.06
38.02,Load Node,TIDEWATR_2_N014,-122.06
38.02,Load Node,TIDEWATR_2_N001,-122.06
33.1372,Generation Node,NARROWS2_7_B1,-116.29
38.34,Generation Node,ROSEVILL_2_N001,-121.19
38.65,Generation Node,FOLSOM_2_N001,-121.15
37.24,Generation Node,MECSTG3_7_B1,-121.77
37.24,Generation Node,MECCTG1_7_B1,-121.78
37.24,Load Node,MECCTG1_7_N100,-121.78
37.24,Generation Node,MECCTG2_7_B2,-121.78
37.24,Load Node,MECCTG2_7_N100,-121.78
34.61,Load Node,SURF_1_N009,-120.22
34.6,Load Node,LMPC-CTY_1_N001,-120.39
38.4532,Load Node,MONROE_1_N002,-122.74
38.4532,Load Node,MONROE_1_N101,-122.74
39.3201,Load Node,HONCUT_1_N001,-121.6
38.4532,Load Node,MONROE_1_N001,-122.74
38.11,Generation Node,FIBRBJCT_1_B1,-121.68
38.13,Load Node,DOMTAR_1_N001,-121.65
38.01,Generation Node,CCJCT1_1_B1,-121.78
38.03,Load Node,CCSUB_1_N001,-121.75
37.9195,Load Node,BRENTWOD_2_N006,-121.68
37.9195,Load Node,BRENTWOD_2_N011,-121.68
37.9195,Load Node,BRENTWOD_2_N001,-121.68
34.53,Load Node,MANVILLE_1_N001,-120.43
36.58,Load Node,KAMM_1_N001,-120.52
37.9,Generation Node,CROCKTAP_2_B1,-122.56
37.9987,Generation Node,CCOS7_7_B1,-121.78
38,Generation Node,CCOSTA_2_B1,-121.76
37.9987,Load Node,CCOSTA_2_N001,-121.78
37.9987,Generation Node,CCOS6_7_B1,-121.78
38.02,Load Node,CCSUB_2_N001,-121.76
38.02,Load Node,CCSUB_2_N010,-121.76
37.86,Generation Node,DELTAPMP_2_N008,-121.51
37.95,Generation Node,WNDMSTR_2_N001,-121.71
37.086,Load Node,SNTANLA_6_N001,-121.01
38.0308,Generation Node,PTSB6_7_B2,-121.87
37.89,Generation Node,PITSBRG_2_B1,-121.88
38.0308,Generation Node,PTSB5_7_B2,-121.87
38.0308,Generation Node,PTS7SWNG_7_B2,-121.87
34.7006,Load Node,PURISIMA_1_N001,-120.44
39,Generation Node,OBANION_2_N025,-121.65
37.61,Generation Node,ADCC_2_N001,-121.81
39.5,Load Node,SUTTER3_7_ND001,-121.92
39.5,Generation Node,SUTTER1_7_B1,-121.93
39.51,Generation Node,SUTTER2_7_B1,-121.93
39.51,Load Node,SUTTER2_7_ND001,-121.93
38.2479,Load Node,TULUCAY_6_N001,-122.27
39.5,Generation Node,SUTTER3_7_B1,-121.92
39.5,Load Node,SUTTER1_7_ND001,-121.93
36.94,Generation Node,DSAMIGO_2_N011,-120.83
40.4327,Load Node,LOWGAP_7_N001,-123.47
40.4327,Generation Node,LOWGAP_7_N002,-123.47
38.06,Load Node,DECPTSG_2_N018,-121.87
40.1827,Load Node,REDBLFF_6_N001,-122.24
40.1827,Load Node,REDBLFF_6_N005,-122.24
40.1827,Load Node,REDBLFF_6_N004,-122.24
39.7761,Load Node,CAPAY_6_N001,-122.1
38.06,Load Node,DECPTSG_2_N001,-121.87
38.2515,Load Node,LAKEVLLE_1_N001,-122.58
37.7468,Generation Node,ALTMMDW_2_N001,-121.68
39.76,Load Node,NORD1_1_N003,-121.91
39.76,Load Node,NORD1_1_N001,-121.91
38.0212,Load Node,KIRKER_1_N001,-121.91
38.0212,Load Node,KIRKER_1_N005,-121.91
38.0212,Load Node,KIRKER_1_N006,-121.91
37.7977,Generation Node,KELSO_2_N012,-121.6
37.7977,Load Node,KELSO_2_N001,-121.6
39.4916,Load Node,WYANDTTE_1_N001,-121.54
39.4916,Load Node,WYANDTTE_1_N102,-121.54
39.4916,Load Node,WYANDTTE_1_N003,-121.54
38.25,Generation Node,LAKEVILE_2_B1,-122.58
37.99,Generation Node,COLSTJT_1_B1,-121.86
39.1214,Load Node,CORTINA_1_N106,-122.22
37.81,Generation Node,JVENTER_2_N001,-121.77
33.6853,Load Node,ELLSGTY_1_N001,-117.94
38.3565,Load Node,VACAVIL_1_N101,-121.98
38.3565,Load Node,VACAVIL_1_N102,-121.98
37.5,Generation Node,PRKRMID_2_N001,-122.18
32.8598,Load Node,LOSCCHS_6_N001,-116.9
38.5231,Load Node,PUTHCRK_1_N001,-121.99
38.19,Generation Node,USWP-RLF_2_N001,-121.89
39.7699,Load Node,SYCAMORE_1_N201,-121.82
39.7699,Load Node,SYCAMORE_1_N301,-121.82
39.7699,Load Node,SYCAMORE_1_N101,-121.82
37.9,Generation Node,CRCKTCOG_7_N001,-122.58
37.796,Generation Node,WSTLYTID_2_N011,-121.19
37.743,Generation Node,WSTLYSMD_2_N011,-121.12
38.3565,Load Node,VACAVIL_1_N001,-121.98
38.01,Generation Node,PITSBURG_1_B1,-121.91
38.0308,Load Node,PITSBURG_1_N001,-121.87
38.43,Load Node,AMERIGAS_1_N001,-121.79
40.5411,Load Node,CARLOTTA_6_N003,-124.06
40.5411,Load Node,CARLOTTA_6_N001,-124.06
40.7828,Generation Node,HMBLTBY_6_N022,-124.11
40.7828,Load Node,HMBLTBY_6_N003,-124.11
35.4698,Load Node,OMAR_2_N001,-118.97
35.47,Generation Node,OMAR2G_7_B1,-118.97
35.46,Generation Node,OMAR3G_7_B1,-118.99
35.4698,Generation Node,OMAR_2_N032,-118.97
37.71,Generation Node,TESLA_5_B1,-121.62
37.71,Generation Node,TESLA_5_B2,-121.62
35.47,Generation Node,OMAR1G_7_B1,-118.99
38.2856,Load Node,PEABODY_2_N002,-121.97
38.2856,Generation Node,PEABODY_2_N010,-121.97
38.2856,Load Node,PEABODY_2_N006,-121.97
38.2856,Load Node,PEABODY_2_N001,-121.97
35.49,Generation Node,SYCCYN2G_7_B1,-118.98
35.48,Generation Node,SYCCYN4G_7_B1,-118.97
38.03,Generation Node,LMECST1_7_B1,-121.93
38.03,Load Node,LMEC1_1_N101,-121.91
38.03,Load Node,LMEC1_1_N601,-121.91
38.03,Load Node,LMEC1_1_N801,-121.91
38.03,Load Node,LMECCT1_7_N001,-121.92
38.04,Generation Node,LMECCT2_7_B1,-121.93
38.03,Load Node,LMECST1_7_N001,-121.93
38.03,Load Node,LMEC1_1_N001,-121.91
38.04,Load Node,LMECCT2_7_N001,-121.93
38.03,Generation Node,LMECCT1_7_B1,-121.92
37.7143,Generation Node,TESLA_1_N027,-121.56
37.7484,Generation Node,TRCYPMP_2_N059,-121.42
37.79,Generation Node,TRCYPMP_2_N063,-121.55
37.7484,Generation Node,TRACYYG_6_N021,-121.42
37.71,Generation Node,TESLA_1_B1,-121.57
37.6,Generation Node,LLNL_1_N014,-121.3
39.7615,Load Node,PARADISE_1_N001,-121.62
39.6079,Load Node,ESQUON_6_N001,-121.77
39.44,Load Node,KANAKA_1_N001,-121.39
39.44,Generation Node,KANAKA_1_N003,-121.39
38.38,Load Node,VACA-DIX_1_N015,-121.89
38.38,Generation Node,VACA-DIX_1_B1,-121.89
38.38,Generation Node,VACA-DIX_1_N014,-121.89
38.4016,Load Node,VACA-DIX_1_N001,-121.92
38.4016,Generation Node,DGVADIX_7_B1,-121.92
36.4,Load Node,WESTLNDS_1_N019,-120.32
36.4,Load Node,WESTLNDS_1_N001,-120.32
35.46,Generation Node,OMAR4G_7_B1,-118.96
36.0133,Load Node,JOLON_6_N001,-121.17
39.49,Generation Node,KANAKAJT_1_B1,-121.4
38.06,Generation Node,FAYETTE_1_B1,-121.82
39.52,Generation Node,FRBSTNTP_1_B1,-121.27
37.88,Generation Node,USWP-PAT_1_B1,-121.67
34.69,Generation Node,WARNE_2_B1,-118.8
39.6,Generation Node,WOODLEAF_7_B1,-121.18
39.45,Generation Node,PALERMO_1_B1,-121.51
38.5,Generation Node,FULTON_1_B1,-122.87
38.4966,Generation Node,FULTON_1_N020,-122.76
39.4057,Load Node,WILLITS_6_N001,-123.33
40.8936,Load Node,ANTLER_6_N001,-122.38
40.3871,Load Node,WILDWOOD_1_N001,-123.05
39.7188,Load Node,CHICOA_6_N001,-121.82
39.7188,Load Node,CHICOA_6_N010,-121.82
39.4867,Load Node,TRESVIS_6_N001,-121.69
36.8615,Generation Node,SANLUIS6_7_B1,-120.78
36.8615,Generation Node,SANLUIS2_7_B3,-120.78
36.8615,Generation Node,SANLUIS4_7_B3,-120.78
36.8615,Generation Node,SANLUIS8_7_B3,-120.78
36.8615,Generation Node,SANLUIS2_7_B1,-120.78
36.8615,Generation Node,SANLUIS6_7_B3,-120.78
36.8615,Generation Node,SANLUIS4_7_B1,-120.78
36.8615,Generation Node,SANLUIS8_7_B1,-120.78
38.49,Generation Node,FULTON_2_B1,-122.87
38.49,Generation Node,FULTON_2_N037,-122.87
38.49,Load Node,FULTON_2_N010,-122.87
38.49,Load Node,FULTON_2_N049,-122.87
36.0037,Load Node,TLRELKE_6_N001,-119.95
32.54,Generation Node,TJI-230_2_N101,-117.02
39.7118,Load Node,BUTTE_1_N010,-121.81
39.7118,Load Node,BUTTE_1_N101,-121.81
34.8014,Load Node,GORMAN_6_N001,-118.82
35.2084,Load Node,OLDRIVR_6_N001,-119.1
35.2084,Load Node,OLDRIVR_6_N006,-119.1
36.82,Generation Node,MOSSLAND_5_B1,-121.71
36.8,Generation Node,MOSSLND7_7_B2,-121.7
36.8,Load Node,MOSSLND7_7_ND001,-121.7
37.69,Generation Node,THEDV_1_B1,-121.38
35.49,Generation Node,SYCCYN1G_7_B1,-118.98
35.48,Generation Node,SYCCYN3G_7_B1,-118.99
36.81,Generation Node,MOSSLND6_7_B2,-121.68
36.81,Load Node,MOSSLND6_7_ND001,-121.68
38.07,Generation Node,DECSTG1_7_B1,-121.86
34.8252,Load Node,PALMR_1_N001,-120.3
36.7627,Generation Node,CSTRVLLE_1_N003,-121.74
36.7627,Generation Node,CSTRVLLE_1_N004,-121.74
36.7627,Load Node,CSTRVLLE_1_N001,-121.74
37.7484,Generation Node,TRACY_5_N047,-121.42
35.4487,Load Node,CAYUCOS_6_N001,-120.87
35.4487,Load Node,CAYUCOS_6_N006,-120.87
38.07,Generation Node,DECCTG2_7_B1,-121.86
38.07,Generation Node,DECCTG3_7_B1,-121.87
38.07,Generation Node,DECCTG1_7_B1,-121.87
34.8285,Load Node,DIVVIDE_1_N001,-120.45
34.8285,Load Node,DIVVIDE_1_N012,-120.45
36.8003,Load Node,DOLANRD_1_N001,-121.77
34.9106,Load Node,FAIRWAY_1_N002,-120.45
34.9106,Load Node,FAIRWAY_1_N001,-120.45
35.6884,Load Node,MCFRLND_6_N001,-119.28
40.8003,Generation Node,FAIRHAVN_7_B1,-124.2
40.5135,Load Node,GIRVAN_6_N001,-122.38
35.1018,Load Node,OCEANO_1_N001,-120.58
35.1018,Load Node,OCEANO_1_N004,-120.58
40.4498,Load Node,ANDERSON_6_N001,-122.31
36.82,Generation Node,MOSSLD_1_N055,-121.74
36.82,Load Node,MOSSLD_1_N001,-121.74
39.48,Generation Node,LOGANCR_2_N012,-122.26
39.5396,Load Node,LOGANCR_2_N001,-122.26
39.5396,Load Node,LOGANCR_2_N010,-122.26
35.04,Load Node,CALLENDR_1_N001,-120.6
37.06,Generation Node,LOSBANOS_5_B1,-121.02
40.6869,Load Node,FRNCHGLH_6_N001,-122.64
36.621,Generation Node,SJCOGEN_7_B2,-120.18
37.82,Load Node,SJCOGEN_7_N001,-121.32
37.76,Generation Node,SPCJCT_1_B1,-121.31
34.94,Generation Node,PASTORIA_2_B1,-118.83
34.9863,Load Node,EDMON5AP_7_N001,-118.74
34.9863,Load Node,EDMON1AP_7_N001,-118.74
34.9863,Load Node,EDMON4AP_7_N001,-118.74
34.9863,Load Node,EDMON2AP_7_N001,-118.74
34.9863,Generation Node,EDMONSTN_2_N023,-118.74
34.9863,Load Node,EDMON4AP_7_N002,-118.74
34.9863,Load Node,EDMON7AP_7_N001,-118.74
34.9863,Load Node,EDMON6AP_7_N001,-118.74
34.9863,Load Node,EDMON8AP_7_N002,-118.74
34.9863,Load Node,EDMON3AP_7_N002,-118.74
34.9863,Load Node,EDMON5AP_7_N002,-118.74
34.9863,Load Node,EDMON7AP_7_N002,-118.74
34.9863,Load Node,EDMON8AP_7_N001,-118.74
34.9863,Load Node,EDMON3AP_7_N001,-118.74
34.9863,Load Node,EDMON6AP_7_N002,-118.74
36.2939,Load Node,LOSOSTS_6_N001,-121.2
38.76,Generation Node,GEYSER17_7_B1,-123.18
35.605,Generation Node,FAMOSO_6_N008,-119.2
35.3602,Load Node,BAYWOOD_6_N001,-120.81
36.8,Generation Node,MOSSLD_2_B1,-121.74
39.7255,Load Node,CHICOB_1_N002,-121.85
39.7255,Load Node,CHICOB_1_N001,-121.85
34.98,Load Node,GAREY_1_N002,-120.26
37.54,Generation Node,OAKDLTID_1_N001,-121.87
34.8783,Load Node,SISQUOC_1_N020,-120.33
34.8783,Load Node,SISQUOC_1_N001,-120.33
38.33,Generation Node,NCPA1GY1_7_B2,-122.63
38.34,Generation Node,NCPA1GY2_7_B2,-122.64
38.33,Load Node,NCPA1GY1_7_N001,-122.63
38.34,Load Node,NCPA1GY2_7_N001,-122.64
36.2169,Load Node,KINGCTY_6_N002,-121.13
36.2169,Load Node,KINGCTY_6_N001,-121.13
36.2169,Load Node,KINGCTY_6_N005,-121.13
33.1288,Load Node,SNTAMRA_1_N001,-117.2
33.1288,Load Node,SNTAMRA_1_N005,-117.2
38.33,Load Node,NCPA2GY2_7_N001,-122.68
38.33,Generation Node,NCPA2GY2_7_B2,-122.68
38.35,Generation Node,NCPA2GY1_7_B2,-122.65
38.35,Load Node,NCPA2GY1_7_N001,-122.65
38.76,Generation Node,BEARCNYN_2_B1,-122.65
39.56,Generation Node,TABLEMT_5_B1,-121.61
36.85,Generation Node,DUKMOSS3_7_B2,-121.76
36.85,Load Node,DUKMOSS3_7_N001,-121.76
36.85,Load Node,DUKMOSS3_7_N002,-121.76
36.85,Generation Node,DUKMOSS2_7_B1,-121.76
36.86,Generation Node,DUKMOSS1_7_B1,-121.76
36.86,Load Node,DUKMOSS1_7_N001,-121.76
36.85,Load Node,DUKMOSS2_7_N001,-121.76
38.74,Generation Node,GEYSER18_7_B1,-123.15
40.6237,Load Node,KESWICK_6_N001,-122.46
36.85,Load Node,DUKMOSS4_7_N001,-121.72
36.84,Generation Node,DUKMOSS5_7_B1,-121.72
36.84,Load Node,DUKMOSS5_7_N001,-121.72
36.85,Generation Node,DUKMOSS6_7_B2,-121.72
36.85,Load Node,DUKMOSS6_7_N001,-121.72
36.85,Load Node,DUKMOSS6_7_N002,-121.72
36.85,Generation Node,DUKMOSS4_7_B1,-121.72
38.77,Generation Node,GEYSER16_7_B1,-123.19
33.2859,Load Node,RINCON_1_N001,-116.96
33.2859,Load Node,RINCON_1_N003,-116.96
39.55,Generation Node,TBLEMTN_1_B1,-121.67
39.55,Generation Node,TABLMTN_2_B1,-121.64
38.78,Generation Node,SANTAFE_7_B1,-122.67
38.78,Generation Node,SANTAFE_7_B11,-122.67
38.78,Generation Node,GEYSER20_7_B1,-123.06
40.3044,Load Node,CHESTER_6_N001,-121.22
38.9729,Load Node,HPLNDJT_6_N001,-123.08
39.54,Load Node,HYATT_2_N212,-121.47
38.77,Generation Node,GEYSER12_7_B1,-123.1
36.14,Generation Node,GATES1_5_B1,-120.12
40.6,Generation Node,COTWDWAP_2_N030,-122.4
40.4,Generation Node,COTWDWAP_2_N032,-122.29
40.5,Generation Node,COTWDWAP_2_N029,-122.33
39.51,Generation Node,HYATT4_7_B1,-121.51
39.55,Generation Node,HYATT2_7_B1,-121.47
39.53,Generation Node,HYATT6_7_B1,-121.49
39.54,Generation Node,HYATT5_7_B1,-121.49
39.51,Generation Node,HYATT3_7_B1,-121.49
39.54,Generation Node,HYATT1_7_B1,-121.46
40.7,Generation Node,COTWDWAP_2_N031,-122.45
34.3804,Load Node,COTWDPGE_1_N001,-116.88
34.3804,Generation Node,COTWDPGE_1_N024,-116.88
38.8,Generation Node,GEYSER14_7_N001,-123.12
34.9506,Generation Node,STMARIA_7_N101,-120.44
39.11,Load Node,LUCERNE_1_N004,-122.81
39.1102,Load Node,LUCERNE_1_N001,-122.81
38.74,Generation Node,GEYSER13_7_N001,-123.16
34.5,Generation Node,VINCENT_5_B1,-118.13
40.6778,Load Node,STLLWATR_6_N001,-122.35
34.5,Generation Node,VINCENT_5_B2,-118.13
36.15,Generation Node,GATES2_5_B1,-120.14
39.6546,Generation Node,CLARKRD_7_N002,-121.64
39.6546,Generation Node,CLARKRD_7_N003,-121.64
39.6546,Load Node,CLARKRD_7_N001,-121.64
40.619,Load Node,OREGNTRL_6_N001,-122.32
38.4995,Load Node,SILVERDO_1_N002,-122.46
38.4995,Load Node,SILVERDO_1_N001,-122.46
38.76,Generation Node,SMUDGEO1_7_B1,-122.59
40.4344,Load Node,PANRAMA_1_N001,-122.27
40.43,Generation Node,WHEELBR1_7_B1,-122.27
35.7519,Load Node,SANMIGL_6_N001,-120.68
36.26,Generation Node,COBURN_2_B1,-121.15
35.0085,Generation Node,MESA-PGE_1_N036,-120.45
41.0527,Load Node,MCARTHR_6_N001,-121.41
41.0527,Generation Node,MCARTHR_6_N002,-121.41
34.8815,Load Node,SOUTHBAS_1_N001,-117.89
38.48,Load Node,MONTCLLO_1_N008,-122.32
40.4954,Load Node,RIODELL_6_N001,-124.1
40.79,Generation Node,ROUNDMT_2_B1,-121.94
40.4621,Load Node,JESSUP_1_N001,-122.33
38.0308,Generation Node,PIT7U2_7_B1,-121.87
38.0308,Generation Node,PIT7U1_7_B1,-121.87
34.93,Generation Node,MONOLITH_6_B1,-118.42
34.93,Load Node,MONOLITH_6_N029,-118.42
34.93,Load Node,MONOLITH_6_N101,-118.42
34.8595,Generation Node,SEGS1G_7_B1,-116.87
40.99,Generation Node,JBBLACK2_7_B1,-121.99
35.4,Generation Node,MIDWAY_5_B2,-119.48
35.4,Generation Node,MIDWAY_5_B1,-119.48
34.8595,Load Node,GALE_1_N001,-116.87
34.8602,Generation Node,ALTA1G_7_B1,-116.85
42.01,Generation Node,MALIN_5_N101,-121.32
34.8602,Generation Node,ALTA2G_7_B1,-116.85
34.8602,Load Node,COLWATER_1_N001,-116.85
34.8602,Load Node,COLWATER_1_N002,-116.85
34.87,Generation Node,TAP705_1_B1,-116.85
34.9919,Load Node,EDWARDS_1_N001,-117.89
40.98,Generation Node,JBBLACK1_7_B1,-121.97
34.8583,Generation Node,SEGS2G_7_B1,-116.84
38.0308,Generation Node,PIT6U1_7_B1,-121.87
35.2955,Load Node,PANAMA_6_N001,-119.02
39.7863,Generation Node,COVERD_7_B1,-123.25
35.3113,Load Node,CARNATIO_6_N001,-119.08
32.652,Generation Node,ROA-230_2_N101,-115.68
34.8745,Load Node,TORTILLA_1_N007,-117.06
34.8745,Load Node,TORTILLA_1_N001,-117.06
35.6156,Load Node,PSARBLS_6_N001,-120.68
35.6156,Load Node,PSARBLS_6_N007,-120.68
35.6156,Load Node,PSARBLS_6_N005,-120.68
35.5411,Load Node,CARNERAS_6_N001,-119.81
35.09,Generation Node,TAP78_6_B1,-118.46
32.72,Generation Node,IMPRLVLY_5_B2,-115.71
32.72,Generation Node,IMPRLVLY_5_B1,-115.71
34.77,Load Node,CALCMENT_6_N151,-118.21
34.77,Load Node,CALCMENT_6_N101,-118.21
38.0308,Generation Node,PIT5_7_N001,-121.87
38.0308,Load Node,PIT5_7_B1,-121.87
32.8445,Load Node,ROSE_6_N001,-117.24
32.71,Generation Node,IMPRLVLY_2_B1,-115.71
32.71,Generation Node,IMPRLVLY_230_N004,-115.71
32.71,Generation Node,IMPRLVLY_2_B2,-115.71
35.4653,Load Node,ATASCDRO_6_N001,-120.67
40.96,Generation Node,PIT1_2_B1,-121.55
35.3201,Load Node,GOLDTREE_1_N001,-120.69
35.3201,Load Node,GOLDTREE_1_N002,-120.69
41,Generation Node,PIT3_2_B1,-121.75
38.0308,Load Node,PIT1_6_N001,-121.87
38.0308,Generation Node,PIT1U1_7_B2,-121.87
38.0308,Generation Node,PIT1U1_7_B1,-121.87
35.08,Generation Node,TAP79_6_B1,-118.47
35.07,Generation Node,ENCANWND_6_N001,-118.47
35.27,Load Node,FOOTHILL_1_N001,-120.7
38.0308,Generation Node,PIT6U2_7_B1,-121.87
34.93,Generation Node,TAP76_6_B1,-118.43
38.0308,Load Node,PIT3_7_N001,-121.87
40.5866,Load Node,BOGARD_6_N001,-121.09
35.571,Load Node,CAWELOB_6_N001,-119.12
35.6581,Load Node,ANTELOPE_6_N001,-120
40.16,Generation Node,GRIZZLY1_1_B1,-121.3
35.21,Generation Node,DIABLO_5_B1,-120.85
36.33,Load Node,BAFOOD1_6_N001,-121.16
32.8,Generation Node,ELCENTRO_2_N001,-115.54
35.6582,Load Node,BRRNDAC_6_N001,-120.04
40.08,Generation Node,CARIBOU_2_B1,-121.16
35.6142,Load Node,BLACKWLL_6_N001,-119.85
34.95,Generation Node,TAP77_6_B1,-118.42
36.2169,Generation Node,KCTYPKER_7_B1,-121.13
35.0332,Load Node,DUNNSIDE_1_N001,-116.47
35.7306,Load Node,TWISSLMN_6_N001,-119.86
35.7306,Load Node,TWISSLMN_6_N002,-119.86
35.2967,Load Node,LAMONT_1_N002,-118.86
35.0195,Load Node,TEJON_6_N001,-118.95
34.88,Generation Node,TAP74_6_B1,-118.25
39.2512,Load Node,MNDCTP_6_N001,-123.2
34.87,Generation Node,MORWIND_6_N001,-118.24
35.27,Load Node,GRIMWAY_1_N001,-118.87
35.21,Load Node,DIABLO2_7_N001,-120.85
35.21,Generation Node,DIABLO2_7_B1,-120.85
35.21,Generation Node,DIABLO1_7_B1,-120.84
35.21,Load Node,DIABLO1_7_N001,-120.84
35.22,Load Node,DIABLOCN_2_N001,-120.83
35.0186,Load Node,TECUYA_6_N001,-118.98
32.75,Generation Node,NGILA_5_N012,-114.49
35.7095,Load Node,BRRNDAA_6_N001,-120.01
35.2967,Load Node,LAMONT_1_N001,-118.86
40.07,Generation Node,CRBU38812_7_B3,-121.15
40.07,Generation Node,CRBU38812_7_B1,-121.15
39.1459,Load Node,UPPRLKE_6_N001,-122.92
35.1504,Load Node,ARVINED_1_N001,-118.88
34.012,Generation Node,GONDER_2_N501,-118.48
34.2,Generation Node,MONA_3_N501,-118.52
34.5,Generation Node,INTERM1G_7_N501,-117.2
39.0773,Load Node,HARTLEY_6_N001,-122.93
34.5,Generation Node,VICTORVL_5_N101,-117.39
34.1202,Generation Node,PADUA_6_N008,-117.64
34.1202,Load Node,PADUA_6_N001,-117.64
34.1202,Generation Node,PADUA_6_N004,-117.64
34.1202,Generation Node,PADUA_6_N006,-117.64
34.1202,Generation Node,PADUA_6_N007,-117.64
35.3622,Load Node,MAGUNDEN_1_N002,-118.92
35.3622,Load Node,MAGUNDEN_1_N001,-118.92
35.37,Load Node,MORROBY_1_N001,-120.81
40.08,Generation Node,CARIBOU_1_B1,-121.15
38.1456,Load Node,VICTOR_1_N001,-121.18
38.1456,Generation Node,VICTOR_1_N064,-121.18
38.1456,Generation Node,VICTOR_1_N063,-121.18
34.5904,Load Node,ROADWAY_1_N001,-117.43
40.619,Load Node,OREGNTRL_1_N001,-122.32
34.022,Generation Node,RERCU1_7_B1,-117.33
34.022,Load Node,RIVRSIDE_6_N001,-117.33
34.022,Generation Node,RERCU2_7_B1,-117.33
34.0043,Generation Node,MIRALOMA_6_N007,-117.57
34.0043,Generation Node,MRLPKGEN_7_B1,-117.57
34.0043,Generation Node,MIRALOMA_6_N002,-117.57
34.0043,Load Node,MIRALOMA_6_N001,-117.57
37.58,Generation Node,MCSNCK2_7_B1,-121.82
37.56,Generation Node,MCSNCK1_7_B1,-121.8
34.5,Generation Node,VICTOR_2_B1,-117.37
34.0883,Generation Node,ETIWANDA_6_N007,-117.53
34.0883,Load Node,ETIWANDA_6_N001,-117.53
34.0883,Generation Node,ETIWANDA_6_N006,-117.53
34.0881,Generation Node,ETWPKGEN_7_B1,-117.53
34.0883,Generation Node,ETIWANDA_6_N004,-117.53
34.0883,Generation Node,ETIWANDA_6_N008,-117.53
34.0881,Load Node,ETIWANDA_6_N003,-117.53
35.37,Generation Node,MORRO4_7_B1,-120.85
35.37,Load Node,MORROBAY_2_N001,-120.85
35.39,Generation Node,MORRO3_7_B1,-120.85
35.37,Generation Node,MORROBAY_2_B1,-120.85
35.37,Load Node,MORROBAY_2_N015,-120.85
35.0937,Load Node,LAKEVIEW_6_N101,-119.1
39.008,Load Node,CLERLKE_6_N012,-122.89
39.008,Load Node,CLERLKE_6_N001,-122.89
35.3571,Load Node,EISEN_6_N001,-118.97
34.07,Load Node,MTNVIST3_7_N002,-117.53
34.0881,Generation Node,MTNVIST3_7_B1,-117.53
34.0881,Generation Node,MTNVIST4_7_B1,-117.53
34.08,Load Node,MTNVIST4_7_N002,-117.53
34.0881,Load Node,ETIWANDA_2_N006,-117.53
35.5545,Load Node,TEMPLETN_2_N008,-120.68
34.0414,Generation Node,VSTA_6_N008,-117.32
34.0414,Load Node,VSTA_6_N001,-117.32
40.13,Generation Node,BUTTVLLY_7_B1,-121.17
35.0936,Load Node,COPUS_6_N001,-119.28
35.7749,Load Node,DEVLSDN_6_N001,-119.97
34.0413,Load Node,VSTA_1_N005,-117.32
34.0414,Load Node,VSTA_1_N004,-117.32
34.04,Generation Node,VSTA_1_B1,-117.34
34.0413,Load Node,VSTA_1_N001,-117.32
34.04,Generation Node,VSTA_2_B1,-117.32
35.3192,Load Node,TEVIS_1_N003,-119.13
32.75,Generation Node,NGILA_5_N010,-114.49
32.75,Generation Node,NGILA_5_N008,-114.49
33.5,Generation Node,NGILA2_5_N001,-113.6
33E-15,Generation Node,NGILA1_5_N001,-113.5
40.1712,Load Node,BIGMDWS_6_N001,-121.09
33.9984,Load Node,CHINO_6_N007,-117.68
33.9984,Generation Node,CHINO_6_N009,-117.68
33.9984,Generation Node,CHINO_6_N003,-117.68
33.9984,Load Node,CHINO_6_N008,-117.68
35.7858,Load Node,LSTHLLS_6_N001,-119.87
35.7749,Load Node,DEVLDNPP_6_N003,-119.97
33.9984,Generation Node,CIMGEN_7_B1,-117.68
34.26,Generation Node,DVLCYN2G_7_B1,-117.31
34.25,Generation Node,DVLCYN1G_7_B1,-117.29
33.9984,Generation Node,SIMPSON_7_B1,-117.68
41.2,Generation Node,CRAGVIEW_1_N101,-122.26
35.2848,Load Node,BAKER_1_N001,-116.06
34.1096,Load Node,TAP801_1_N001,-116.41
35.61,Load Node,VEDDER_1_N001,-118.96
35.6004,Load Node,SEMITRPC_1_N001,-119.44
35.3622,Load Node,BOLTHSE_1_N009,-118.92
34.1453,Load Node,HIDESERT_2_N018,-116.19
34.1453,Load Node,HIDESERT_2_N001,-116.19
34.31,Generation Node,MHVSPHN_1_N101,-117.32
35.5592,Load Node,POSOMT_1_N001,-118.96
35.3192,Load Node,TEVIS_1_N001,-119.13
34.19,Generation Node,DVLCYN4G_7_B1,-117.32
34.19,Generation Node,DVLCYN3G_7_B1,-117.33
35.3165,Load Node,STOCKDLE_1_N001,-119.07
35.2853,Load Node,NORCO_1_N001,-119.31
35.5137,Load Node,SHAFTER_1_N001,-119.32
35.4424,Load Node,RIOBRVO_1_N006,-119.26
35.4424,Load Node,RIOBRVO_1_N001,-119.26
35.0898,Load Node,WHEELER_6_N001,-118.98
35.3741,Load Node,WESTPARK_1_N005,-119.04
35.3741,Load Node,WESTPARK_1_N009,-119.04
35.3741,Load Node,WESTPARK_1_N001,-119.04
35.3984,Load Node,COLUMBUS_1_N005,-118.94
35.3984,Load Node,COLUMBUS_1_N001,-118.94
35.3984,Load Node,COLUMBUS_1_N003,-118.94
35.6021,Load Node,WASCO_6_N001,-119.33
35.38,Load Node,BEARTAP_1_N001,-119
35.3768,Load Node,FRUITVLE_6_N001,-119.09
35.3768,Load Node,FRUITVLE_6_N101,-119.09
35.226,Load Node,ELKHLLS_6_N001,-119.38
35.37,Generation Node,PSE-BEAR_7_B1,-119
35.4424,Generation Node,RIOBRVQF_6_N001,-119.26
36.1858,Load Node,HURON_6_N001,-120.1
35.377,Load Node,TXROSDL_1_N001,-119.08
35.377,Load Node,TXROSDL_1_N002,-119.08
35.377,Load Node,ROSEDAL_1_N001,-119.08
35.4007,Load Node,KERNWATR_1_N001,-119.04
35.14,Generation Node,MOHAVE_5_B2,-114.57
35,Generation Node,MOH-LGHN_5_N001,-114.59
35.14,Generation Node,MOHAVE_5_B1,-114.57
35.41,Load Node,RENFRO_1_N010,-119.17
35.3883,Load Node,BKRSFLD_2_N001,-119
35.3883,Generation Node,BKRSFLD_2_N004,-119
35.2691,Load Node,CIMA_2_N101,-115.49
35.3797,Load Node,KERNPWR_1_N201,-119.1
35.38,Generation Node,KERNPWR_1_B1,-119.09
35.3797,Load Node,KERNPWR_1_N002,-119.1
35.3165,Load Node,STOCKDL_2_N002,-119.07
35.3165,Load Node,STOCKDL_2_N101,-119.07
39.1975,Load Node,CALPELLA_1_N001,-123.19
35.41,Load Node,RENFRO_1_N001,-119.17
35.4407,Generation Node,KERNOIL_1_N002,-119.02
35.44,Generation Node,KERNOIL_1_B1,-119.01
35.4407,Load Node,KERNOIL_1_N012,-119.02
35.4407,Load Node,KERNOIL_1_N001,-119.02
35.354,Load Node,TUPMAN_1_N101,-119.27
36.136,Load Node,COLNGA1_6_N001,-120.34
36.136,Load Node,COLNGA1_6_N002,-120.34
35.42,Generation Node,OILDALE_1_N101,-118.98
35.42,Load Node,OILDALE_1_N001,-118.98
35.608,Load Node,CHARKA_1_N001,-119.33
35.46,Generation Node,DEXZEL_1_N001,-118.97
35.3165,Load Node,STOCKDL_2_N001,-119.07
35.3805,Load Node,CARRIZO_1_N001,-120.04
35.01,Generation Node,WINDGAP_2_N003,-118.99
35.6,Generation Node,MCCULLGX_5_N501,-115.1
35.82,Generation Node,MARKETPL_5_N501,-115.01
35.06,Generation Node,WHELRGPP_2_N004,-119.02
35.3797,Load Node,KERNRV_1_N001,-119.1
35.55,Generation Node,MCCULLGH_5_N101,-12E-14
39.9392,Load Node,GANSNER_6_N101,-120.95
35.3883,Load Node,BKRSFLD_2_N101,-119
36.1,Generation Node,MEAD_5_N501,-114.9
35.0216,Generation Node,HOLGATE_1_N004,-117.71
35.0216,Generation Node,HOLGATE_1_N001,-117.71
35.0924,Load Node,SNBRNRD_6_N001,-118.88
36.2366,Load Node,COLNGA2_6_N001,-120.32
35.78,Generation Node,ELDORDO_5_B1,-114.96
35.6016,Load Node,GOSELKE_1_N001,-119.58
35.6016,Load Node,GOSELKE_1_N003,-119.58
36.2231,Generation Node,DERRICK_6_N002,-120.34
36.2231,Generation Node,DERRICK_6_N003,-120.34
39.2771,Generation Node,PSE-LVOK_7_B1,-121.66
35.42,Load Node,WESTPLAT_1_N001,-119.3
33.8337,Load Node,THORNHIL_1_N001,-116.52
36E-15,Generation Node,MEADN_2_N501,-114.8
40.0261,Load Node,SPANSHCK_6_N001,-120.96
33.8306,Load Node,EISENHOW_1_N001,-116.5
35.61,Load Node,WSCOPRSN_1_N001,-119.37
35.99,Generation Node,MERCHANT_2_N101,-115.07
36.6533,Load Node,BUENAVS1_7_B4,-121.63
36.6533,Load Node,BUENAVS1_7_B5,-121.63
36.6533,Load Node,BUENAVS2_7_B1,-121.63
36.6533,Load Node,BUENAVS1_7_B7,-121.63
36.6533,Load Node,BUENAVS2_7_B4,-121.63
36.6533,Load Node,BUENAVS2_7_B5,-121.63
36.6533,Load Node,BUENAVS1_7_B1,-121.63
36.6533,Load Node,BUENAVS1_7_B3,-121.63
36.6533,Load Node,BUENAVS2_7_B3,-121.63
36.6533,Load Node,BUENAVS1_7_B6,-121.63
35.16,Generation Node,BUENAVT_2_N006,-119.37
34.9339,Load Node,ROCKET_1_N001,-117.69
35.46,Generation Node,RIOBRVTM_1_B1,-119.25
35.46,Load Node,RIOBRVTM_1_N001,-119.25
40.0216,Load Node,GRYSFLT_6_N001,-121.07
35.1075,Load Node,MARICOPA_6_N001,-119.4
35.39,Generation Node,KERNFRNT_1_B1,-119.13
36.15,Generation Node,MEADS_2_N101,-114.95
35.59,Load Node,SMTRPCWS_1_N001,-119.44
35.7994,Load Node,SANDY_1_N001,-115.63
35.7994,Load Node,SANDY_1_N002,-115.63
36.135,Generation Node,MOENKOPI_5_N101,-114.54
33.9223,Load Node,BANNING_1_N001,-116.87
36.9063,Load Node,BEATTY_1_N003,-116.76
36.9063,Load Node,BEATTY_1_N001,-116.76
36.2066,Load Node,PAHRUMP_1_N017,-116
36.2066,Load Node,PAHRUMP_1_N018,-116
35.5001,Load Node,LERDO_1_N001,-119.15
35.5001,Load Node,LERDO_1_N004,-119.15
35.4028,Load Node,MDWYPS_6_N001,-119.46
36.5678,Load Node,VALLEYVE_1_N001,-116.54
36.2863,Load Node,VISTA_1_N001,-115.93
36.5678,Load Node,VALLEYVE_1_N002,-116.54
35.41,Generation Node,MIDWAY_2_B1,-119.46
36.0441,Load Node,KETTLEMN_6_N001,-120.11
34.99,Generation Node,KRAMER_1_B1,-117.55
34.9901,Load Node,KRAMER_1_N001,-117.54
36.1068,Load Node,THSNDAIR_1_N001,-115.97
36.9,Generation Node,FOURCORN_5_N501,-109.5
35.5017,Load Node,GANSO_1_N001,-119.45
35.5,Generation Node,YAVAPAI_5_N501,-11E-14
34.87,Generation Node,ALTA40ST_7_B1,-116.86
34.87,Generation Node,ALTA30ST_7_B1,-116.84
34.87,Generation Node,ALTA31GT_7_B1,-116.88
34.87,Generation Node,ALTA41GT_7_B1,-116.85
36.231,Load Node,CHARLSTN_1_N001,-116.15
34.98,Generation Node,KRAMER_2_B1,-117.53
37.8422,Load Node,AVENAL_6_N001,-121.05
36.8,Generation Node,FOURCORN_3_N501,-109.4
35.29,Load Node,NAVY35R_1_N001,-119.45
33.8565,Load Node,FARREL_1_N002,-116.5
33.8565,Load Node,FARREL_1_N001,-116.5
35.4557,Load Node,BELRIDGE_1_N001,-119.63
35.4028,Load Node,MIDWAY_1_N002,-119.46
35.4028,Generation Node,MIDWAY_1_N047,-119.46
35.43,Generation Node,MIDWAY_1_B1,-119.46
33.706,Generation Node,WESTWING_5_N501,-117.79
35.34,Generation Node,LUZ8G_7_B1,-117.13
35.35,Generation Node,LUZ9G_7_B1,-117.09
35.45,Generation Node,ELKHIL1G_7_B2,-119.48
35.226,Load Node,ELKHIL2G_7_N001,-119.38
35.45,Generation Node,ELKHIL2G_7_B2,-119.48
35.226,Load Node,ELKHIL1G_7_N001,-119.38
35.45,Generation Node,ELKHIL3G_7_B1,-119.48
33.329,Generation Node,HASSYAMP_5_N101,-11E-14
36.136,Generation Node,COLNGAGN_7_B1,-120.34
32.5,Generation Node,PALOVRDE_5_N101,-114.01
34.15,Generation Node,PARKER_2_N101,-114.29
34.3,Load Node,GENE_2_N001,-114.23
34.83,Load Node,CAMINO_2_N001,-114.99
35.5082,Load Node,MTNPASS_1_N001,-115.53
33.7582,Load Node,INDIANW_1_N001,-116.36
33.7582,Load Node,INDIANW_1_N005,-116.36
35.1504,Load Node,ARVIN_6_N001,-118.88
33.7858,Load Node,CONCHO_1_N002,-116.34
35.605,Load Node,FAMOSO_1_N001,-119.2
33.9007,Generation Node,GARNET_7_N003,-116.54
33.9007,Load Node,GARNET_7_N001,-116.54
33.9007,Generation Node,GARNET_7_N006,-116.54
33.9,Generation Node,GARNET_1_N106,-116.54
33.9,Generation Node,GARNET_1_B1,-116.54
33.7845,Load Node,SANTARO_1_N001,-116.41
33.7845,Generation Node,SANTARO_1_N024,-116.41
33.7845,Load Node,SANTARO_1_N021,-116.41
33.7845,Load Node,SANTARO_1_N014,-116.41
33.7845,Load Node,SANTARO_1_N017,-116.41
34,Load Node,TAP807_1_N001,-116.5
34.03,Generation Node,TERAWND_1_N001,-116.53
33.92,Generation Node,TAP804_1_B1,-116.62
33.95,Generation Node,TAP817_1_B1,-116.49
33.94,Generation Node,DEVERS_1_B1,-116.56
33.92,Generation Node,TAP809_1_B1,-116.57
33.96,Generation Node,VENWIND_1_N101,-116.63
33.94,Generation Node,DEVERS_2_B2,-116.59
33.9244,Generation Node,INDIGOG2_7_B1,-116.57
33.9244,Generation Node,INDIGOG3_7_B1,-116.57
33.9142,Generation Node,BUCKWND_1_N101,-116.58
33.91,Generation Node,BUCKWND_1_B1,-116.57
33.91,Generation Node,BUCKWND_1_N001,-116.57
33.97,Generation Node,PANAERO_1_N001,-116.67
36.0738,Load Node,SANARDO_6_N001,-120.94
33.91,Generation Node,RENWIND_1_N001,-116.67
33.94,Generation Node,SEAWIND_1_B1,-116.73
33.9,Generation Node,ALTWIND_1_N001,-116.58
33.91,Generation Node,SANWIND_1_N001,-116.63
33.9244,Generation Node,INDIGOG1_7_B1,-116.57
35.3828,Load Node,TEMBLOR_1_N003,-119.7
35.3828,Generation Node,TEMBLOR_1_N004,-119.7
35.31,Load Node,CYMRIC_1_N001,-119.63
35.31,Generation Node,CYMRIC_1_B1,-119.63
35.31,Generation Node,CYMRIC_1_N004,-119.63
33.9,Generation Node,TRANWND_1_N001,-116.7
35.48,Generation Node,KERNRDGE_1_N003,-119.77
35.48,Load Node,KERNRDGE_1_N001,-119.77
35.37,Generation Node,SUNST_2_N006,-119.5
33.615,Generation Node,BLYTHE_1_N101,-114.68
35.35,Generation Node,LAPLMG4_7_B2,-119.46
35.36,Load Node,LAPLMG2_7_N001,-119.46
35.36,Generation Node,LAPLMG2_7_B2,-119.46
35.36,Generation Node,LAPLMG1_7_B2,-119.46
35.36,Load Node,LAPLMG1_7_N001,-119.46
35.36,Generation Node,LAPLMG3_7_B2,-119.46
35.35,Load Node,LAPLMG4_7_N001,-119.46
35.36,Load Node,LAPLMG3_7_N001,-119.46
33.8173,Load Node,TAMARISK_1_N001,-116.45
33.615,Load Node,BLYTHESC_1_N005,-114.68
33.93,Generation Node,DEVERS_5_B2,-116.54
33.93,Generation Node,DEVERS_5_B1,-116.54
38.7528,Load Node,MIDDLTWN_6_N002,-122.61
38.7528,Load Node,MIDDLTWN_6_N101,-122.61
35.718,Load Node,SMYRNA2_1_N001,-119.46
35.571,Load Node,CAWELOC_1_N001,-119.12
33.7383,Load Node,VALLEYSC_1_N001,-117.16
33.7383,Generation Node,VALLEYSC_1_N014,-117.16
33.7383,Generation Node,VALLEYSC_1_N013,-117.16
33.7383,Load Node,VALLEYSC_1_N107,-117.16
35.1952,Load Node,FELLOWSG_7_N001,-119.59
35.1952,Generation Node,FELLOWSG_7_N002,-119.59
35.36,Generation Node,TEXSUN2G_7_B2,-119.48
35.36,Load Node,TEXSUN2G_7_N001,-119.48
35.37,Generation Node,TEXSUN1G_7_B2,-119.48
35.37,Load Node,TEXSUN1G_7_N001,-119.48
33.74,Generation Node,VALLEYSC_5_B1,-117.16
33.87,Generation Node,TAP806_1_B1,-116.48
33.88,Generation Node,CAPWIND_1_B1,-116.46
34.9901,Generation Node,SUNGEN_1_B1,-117.54
33.9336,Generation Node,COACHELV_2_N101,-116.58
35.15,Generation Node,TAFT1_1_B1,-119.48
35.15,Load Node,TAFT1_1_N004,-119.48
35.15,Load Node,TAFT1_1_N001,-119.48
37.1274,Load Node,MORGAN_1_N001,-121.66
34.16,Load Node,IRONMTN_2_N001,-115.12
33.85,Generation Node,RAMON_2_N001,-116.27
35.56,Generation Node,MTPOSO_7_N001,-119.1
39.9381,Load Node,ESTQNCY_6_N001,-120.91
33.82,Load Node,EAGLEMTN_2_N002,-115.44
33.82,Load Node,EAGLEMTN_2_N001,-115.44
33.82,Generation Node,EAGLEMTN_2_B1,-115.44
36.07,Load Node,QUEBEC_1_N001,-119.56
35.9634,Load Node,ALPAUGH_1_N001,-119.46
33.71,Generation Node,JHINDS_2_B1,-115.62
35.3757,Load Node,RANDSBRG_1_N001,-117.66
38.9325,Load Node,KONOCTI6_6_N001,-122.74
35.9564,Load Node,OILFLDS_6_N007,-120.85
35.9564,Generation Node,OILFLDS_6_N009,-120.85
35.9564,Load Node,OILFLDS_6_N001,-120.85
39.0279,Load Node,REDBUD_1_N004,-122.66
39.0279,Load Node,REDBUD_1_N001,-122.66
35.6526,Load Node,INYOKERN_1_N008,-117.79
35.6526,Load Node,INYOKERN_1_N001,-117.79
35.65,Generation Node,INYOKERN_1_B1,-117.79
39.1429,Generation Node,CITYUKH_1_N001,-123.19
39.1429,Load Node,CITYUKH_1_B1,-123.19
39.1429,Load Node,UKIAH_1_N001,-123.19
39.1429,Load Node,UKIAH_1_N005,-123.19
33.81,Generation Node,ANAHEIMG_7_B1,-117.91
38.7958,Load Node,CLOVRDLE_1_N001,-123.01
38.88,Generation Node,EGLERCK_1_B1,-122.87
38.78,Generation Node,GEYSR11_1_B1,-123.1
39.3192,Generation Node,SUMMIT3_6_N101,-120.38
39.3192,Load Node,SUMMIT_6_N001,-120.38
39.3137,Load Node,TAMARACK_6_N001,-120.5
38.79,Generation Node,GEYSER11_7_B1,-123.1
39.3192,Generation Node,SUMMIT1_1_N101,-120.38
38.9,Generation Node,GEYSER78_7_B1,-122.87
38.9,Generation Node,GEYSER78_7_B3,-122.87
39.3192,Generation Node,SUMMIT2_1_N101,-120.38
38.79,Generation Node,GEYSR5-6_7_B2,-123.08
38.8055,Load Node,GEYSR5-6_7_N001,-122.82
38.79,Generation Node,GEYSR5-6_7_B3,-123.08
39.2,Generation Node,DRUM_1_B1,-120.81
33.8157,Generation Node,VILLAPK_2_N029,-117.83
33.8157,Generation Node,VILLAPK_2_N028,-117.83
39.2143,Load Node,BONNIEN_7_N001,-120.81
39.2143,Generation Node,BONNIEN_7_N002,-120.81
39.1151,Load Node,SHADYGLN_6_N001,-120.95
39.036,Load Node,WEMRSWS_6_N001,-120.99
39.0193,Load Node,FORSTHL_6_N001,-120.83
35.6971,Load Node,SEARLES_7_N001,-117.4
35.6971,Generation Node,SEARLES_7_N002,-117.4
35.6971,Generation Node,SEARLES_7_N004,-117.4
35.7573,Generation Node,MCGEN_7_B1,-117.39
